Test name, Execution time, Result, Values
/mnt/c/Users/Leonid/Desktop/BIE-BAP/code/test/20220315-MathProblems/MC_02.smt2, 180.000246, Not SAT
/mnt/c/Users/Leonid/Desktop/BIE-BAP/code/test/20220315-MathProblems/MC_03.smt2, 180.000254, Not SAT
/mnt/c/Users/Leonid/Desktop/BIE-BAP/code/test/20220315-MathProblems/MC_04.smt2, 180.000230, Not SAT
/mnt/c/Users/Leonid/Desktop/BIE-BAP/code/test/20220315-MathProblems/MC_05.smt2, 180.000556, Not SAT
/mnt/c/Users/Leonid/Desktop/BIE-BAP/code/test/20220315-MathProblems/MC_06.smt2, 180.000316, Not SAT
/mnt/c/Users/Leonid/Desktop/BIE-BAP/code/test/20220315-MathProblems/MC_07.smt2, 180.000350, Not SAT
/mnt/c/Users/Leonid/Desktop/BIE-BAP/code/test/20220315-MathProblems/MC_08.smt2, 180.000327, Not SAT
/mnt/c/Users/Leonid/Desktop/BIE-BAP/code/test/20220315-MathProblems/MC_09.smt2, 180.000464, Not SAT
/mnt/c/Users/Leonid/Desktop/BIE-BAP/code/test/20220315-MathProblems/MC_10.smt2, 180.000732, Not SAT
/mnt/c/Users/Leonid/Desktop/BIE-BAP/code/test/20220315-MathProblems/MC_11.smt2, 180.000919, Not SAT
/mnt/c/Users/Leonid/Desktop/BIE-BAP/code/test/20220315-MathProblems/MC_12.smt2, 180.001234, Not SAT
/mnt/c/Users/Leonid/Desktop/BIE-BAP/code/test/20220315-MathProblems/MF_02.smt2, 180.000320, Not SAT
/mnt/c/Users/Leonid/Desktop/BIE-BAP/code/test/20220315-MathProblems/MF_03.smt2, 180.000361, Not SAT
/mnt/c/Users/Leonid/Desktop/BIE-BAP/code/test/20220315-MathProblems/MF_04.smt2, 180.000353, Not SAT
/mnt/c/Users/Leonid/Desktop/BIE-BAP/code/test/20220315-MathProblems/MF_05.smt2, 180.000365, Not SAT
/mnt/c/Users/Leonid/Desktop/BIE-BAP/code/test/20220315-MathProblems/MF_06.smt2, 180.000368, Not SAT
/mnt/c/Users/Leonid/Desktop/BIE-BAP/code/test/20220315-MathProblems/MF_07.smt2, 180.000475, Not SAT
/mnt/c/Users/Leonid/Desktop/BIE-BAP/code/test/20220315-MathProblems/MF_08.smt2, 180.000493, Not SAT
/mnt/c/Users/Leonid/Desktop/BIE-BAP/code/test/20220315-MathProblems/MF_09.smt2, 180.000707, Not SAT
/mnt/c/Users/Leonid/Desktop/BIE-BAP/code/test/20220315-MathProblems/MF_10.smt2, 180.000774, Not SAT
/mnt/c/Users/Leonid/Desktop/BIE-BAP/code/test/20220315-MathProblems/MF_11.smt2, 180.000934, Not SAT
/mnt/c/Users/Leonid/Desktop/BIE-BAP/code/test/20220315-MathProblems/MF_12.smt2, 180.001168, Not SAT
/mnt/c/Users/Leonid/Desktop/BIE-BAP/code/test/20220315-MathProblems/MQ_02.smt2, 180.000313, Not SAT
/mnt/c/Users/Leonid/Desktop/BIE-BAP/code/test/20220315-MathProblems/MQ_03.smt2, 180.000327, Not SAT
/mnt/c/Users/Leonid/Desktop/BIE-BAP/code/test/20220315-MathProblems/MQ_04.smt2, 180.000247, Not SAT
/mnt/c/Users/Leonid/Desktop/BIE-BAP/code/test/20220315-MathProblems/MQ_05.smt2, 180.000353, Not SAT
/mnt/c/Users/Leonid/Desktop/BIE-BAP/code/test/20220315-MathProblems/MQ_06.smt2, 180.000358, Not SAT
/mnt/c/Users/Leonid/Desktop/BIE-BAP/code/test/20220315-MathProblems/MQ_07.smt2, 180.000379, Not SAT
/mnt/c/Users/Leonid/Desktop/BIE-BAP/code/test/20220315-MathProblems/MQ_08.smt2, 180.000480, Not SAT
/mnt/c/Users/Leonid/Desktop/BIE-BAP/code/test/20220315-MathProblems/MQ_09.smt2, 180.002700, Not SAT
/mnt/c/Users/Leonid/Desktop/BIE-BAP/code/test/20220315-MathProblems/MQ_10.smt2, 180.000813, Not SAT
/mnt/c/Users/Leonid/Desktop/BIE-BAP/code/test/20220315-MathProblems/MQ_11.smt2, 180.001039, Not SAT
/mnt/c/Users/Leonid/Desktop/BIE-BAP/code/test/20220315-MathProblems/MQ_12.smt2, 180.001323, Not SAT
/mnt/c/Users/Leonid/Desktop/BIE-BAP/code/test/20220315-MathProblems/MS_02.smt2, 180.000311, Not SAT
/mnt/c/Users/Leonid/Desktop/BIE-BAP/code/test/20220315-MathProblems/MS_03.smt2, 180.000188, Not SAT
/mnt/c/Users/Leonid/Desktop/BIE-BAP/code/test/20220315-MathProblems/MS_04.smt2, 180.000316, Not SAT
/mnt/c/Users/Leonid/Desktop/BIE-BAP/code/test/20220315-MathProblems/MS_05.smt2, 180.000412, Not SAT
/mnt/c/Users/Leonid/Desktop/BIE-BAP/code/test/20220315-MathProblems/MS_06.smt2, 180.000419, Not SAT
/mnt/c/Users/Leonid/Desktop/BIE-BAP/code/test/20220315-MathProblems/MS_07.smt2, 180.000371, Not SAT
/mnt/c/Users/Leonid/Desktop/BIE-BAP/code/test/20220315-MathProblems/MS_08.smt2, 180.000563, Not SAT
/mnt/c/Users/Leonid/Desktop/BIE-BAP/code/test/20220315-MathProblems/MS_09.smt2, 180.001280, Not SAT
/mnt/c/Users/Leonid/Desktop/BIE-BAP/code/test/20220315-MathProblems/MS_10.smt2, 180.002362, Not SAT
/mnt/c/Users/Leonid/Desktop/BIE-BAP/code/test/20220315-MathProblems/MS_11.smt2, 180.001321, Not SAT
/mnt/c/Users/Leonid/Desktop/BIE-BAP/code/test/20220315-MathProblems/MS_12.smt2, 180.002010, Not SAT
/mnt/c/Users/Leonid/Desktop/BIE-BAP/code/test/20220315-MathProblems/RTA_091.smt2, 180.003196, Not SAT
/mnt/c/Users/Leonid/Desktop/BIE-BAP/code/test/20220315-MathProblems/RTA_092.smt2, 180.003650, Not SAT
/mnt/c/Users/Leonid/Desktop/BIE-BAP/code/test/20220315-MathProblems/RTA_093.smt2, 180.002401, Not SAT
/mnt/c/Users/Leonid/Desktop/BIE-BAP/code/test/20220315-MathProblems/RTA_094.smt2, 180.002183, Not SAT
/mnt/c/Users/Leonid/Desktop/BIE-BAP/code/test/20220315-MathProblems/RTA_095.smt2, 180.002220, Not SAT
/mnt/c/Users/Leonid/Desktop/BIE-BAP/code/test/20220315-MathProblems/RTA_096.smt2, 180.002391, Not SAT
/mnt/c/Users/Leonid/Desktop/BIE-BAP/code/test/20220315-MathProblems/RTA_097.smt2, 180.002534, Not SAT
/mnt/c/Users/Leonid/Desktop/BIE-BAP/code/test/20220315-MathProblems/RTA_098.smt2, 180.004809, Not SAT
/mnt/c/Users/Leonid/Desktop/BIE-BAP/code/test/20220315-MathProblems/RTA_099.smt2, 180.002520, Not SAT
/mnt/c/Users/Leonid/Desktop/BIE-BAP/code/test/20220315-MathProblems/RTA_100.smt2, 180.004899, Not SAT
/mnt/c/Users/Leonid/Desktop/BIE-BAP/code/test/20220315-MathProblems/SC_02.smt2, 180.000302, Not SAT
/mnt/c/Users/Leonid/Desktop/BIE-BAP/code/test/20220315-MathProblems/SC_03.smt2, 180.000319, Not SAT
/mnt/c/Users/Leonid/Desktop/BIE-BAP/code/test/20220315-MathProblems/SC_04.smt2, 180.000280, Not SAT
/mnt/c/Users/Leonid/Desktop/BIE-BAP/code/test/20220315-MathProblems/SC_05.smt2, 180.000338, Not SAT
/mnt/c/Users/Leonid/Desktop/BIE-BAP/code/test/20220315-MathProblems/SC_06.smt2, 180.000358, Not SAT
/mnt/c/Users/Leonid/Desktop/BIE-BAP/code/test/20220315-MathProblems/SC_07.smt2, 180.000335, Not SAT
/mnt/c/Users/Leonid/Desktop/BIE-BAP/code/test/20220315-MathProblems/SC_08.smt2, 180.000441, Not SAT
/mnt/c/Users/Leonid/Desktop/BIE-BAP/code/test/20220315-MathProblems/SC_09.smt2, 180.000451, Not SAT
/mnt/c/Users/Leonid/Desktop/BIE-BAP/code/test/20220315-MathProblems/SC_10.smt2, 180.000704, Not SAT
/mnt/c/Users/Leonid/Desktop/BIE-BAP/code/test/20220315-MathProblems/SC_11.smt2, 180.000937, Not SAT
/mnt/c/Users/Leonid/Desktop/BIE-BAP/code/test/20220315-MathProblems/SC_12.smt2, 180.001694, Not SAT
/mnt/c/Users/Leonid/Desktop/BIE-BAP/code/test/20220315-MathProblems/SF_02.smt2, 180.000801, Not SAT
/mnt/c/Users/Leonid/Desktop/BIE-BAP/code/test/20220315-MathProblems/SF_03.smt2, 180.000312, Not SAT
/mnt/c/Users/Leonid/Desktop/BIE-BAP/code/test/20220315-MathProblems/SF_04.smt2, 180.000285, Not SAT
/mnt/c/Users/Leonid/Desktop/BIE-BAP/code/test/20220315-MathProblems/SF_05.smt2, 180.000325, Not SAT
/mnt/c/Users/Leonid/Desktop/BIE-BAP/code/test/20220315-MathProblems/SF_06.smt2, 180.000371, Not SAT
/mnt/c/Users/Leonid/Desktop/BIE-BAP/code/test/20220315-MathProblems/SF_07.smt2, 180.000393, Not SAT
/mnt/c/Users/Leonid/Desktop/BIE-BAP/code/test/20220315-MathProblems/SF_08.smt2, 180.000505, Not SAT
/mnt/c/Users/Leonid/Desktop/BIE-BAP/code/test/20220315-MathProblems/SF_09.smt2, 180.000567, Not SAT
/mnt/c/Users/Leonid/Desktop/BIE-BAP/code/test/20220315-MathProblems/SF_10.smt2, 180.000812, Not SAT
/mnt/c/Users/Leonid/Desktop/BIE-BAP/code/test/20220315-MathProblems/SF_11.smt2, 180.001024, Not SAT
/mnt/c/Users/Leonid/Desktop/BIE-BAP/code/test/20220315-MathProblems/SF_12.smt2, 180.001266, Not SAT
/mnt/c/Users/Leonid/Desktop/BIE-BAP/code/test/20220315-MathProblems/SQ_02.smt2, 180.000280, Not SAT
/mnt/c/Users/Leonid/Desktop/BIE-BAP/code/test/20220315-MathProblems/SQ_03.smt2, 180.000297, Not SAT
/mnt/c/Users/Leonid/Desktop/BIE-BAP/code/test/20220315-MathProblems/SQ_04.smt2, 180.000222, Not SAT
/mnt/c/Users/Leonid/Desktop/BIE-BAP/code/test/20220315-MathProblems/SQ_05.smt2, 180.000317, Not SAT
/mnt/c/Users/Leonid/Desktop/BIE-BAP/code/test/20220315-MathProblems/SQ_06.smt2, 180.000358, Not SAT
/mnt/c/Users/Leonid/Desktop/BIE-BAP/code/test/20220315-MathProblems/SQ_07.smt2, 180.000409, Not SAT
/mnt/c/Users/Leonid/Desktop/BIE-BAP/code/test/20220315-MathProblems/SQ_08.smt2, 180.000492, Not SAT
/mnt/c/Users/Leonid/Desktop/BIE-BAP/code/test/20220315-MathProblems/SQ_09.smt2, 180.000548, Not SAT
/mnt/c/Users/Leonid/Desktop/BIE-BAP/code/test/20220315-MathProblems/SQ_10.smt2, 180.000797, Not SAT
/mnt/c/Users/Leonid/Desktop/BIE-BAP/code/test/20220315-MathProblems/SQ_11.smt2, 180.001322, Not SAT
/mnt/c/Users/Leonid/Desktop/BIE-BAP/code/test/20220315-MathProblems/SQ_12.smt2, 180.001139, Not SAT
/mnt/c/Users/Leonid/Desktop/BIE-BAP/code/test/20220315-MathProblems/TA_01.smt2, 0.564866, SAT, t = 2 x0 = 1 y0 = 1 
/mnt/c/Users/Leonid/Desktop/BIE-BAP/code/test/20220315-MathProblems/TA_02.smt2, 180.000257, Not SAT
/mnt/c/Users/Leonid/Desktop/BIE-BAP/code/test/20220315-MathProblems/TA_03.smt2, 180.000317, Not SAT
/mnt/c/Users/Leonid/Desktop/BIE-BAP/code/test/20220315-MathProblems/TA_04.smt2, 180.000190, Not SAT
/mnt/c/Users/Leonid/Desktop/BIE-BAP/code/test/20220315-MathProblems/TA_05.smt2, 180.000307, Not SAT
/mnt/c/Users/Leonid/Desktop/BIE-BAP/code/test/20220315-MathProblems/TA_06.smt2, 180.000303, Not SAT
/mnt/c/Users/Leonid/Desktop/BIE-BAP/code/test/20220315-MathProblems/TA_07.smt2, 180.000339, Not SAT
/mnt/c/Users/Leonid/Desktop/BIE-BAP/code/test/20220315-MathProblems/TA_08.smt2, 180.000297, Not SAT
/mnt/c/Users/Leonid/Desktop/BIE-BAP/code/test/20220315-MathProblems/TA_09.smt2, 180.000309, Not SAT
/mnt/c/Users/Leonid/Desktop/BIE-BAP/code/test/20220315-MathProblems/TA_10.smt2, 180.000338, Not SAT
/mnt/c/Users/Leonid/Desktop/BIE-BAP/code/test/20220315-MathProblems/TA_11.smt2, 180.000337, Not SAT
/mnt/c/Users/Leonid/Desktop/BIE-BAP/code/test/20220315-MathProblems/TA_12.smt2, 180.000306, Not SAT
/mnt/c/Users/Leonid/Desktop/BIE-BAP/code/test/20220315-MathProblems/TA_13.smt2, 180.000323, Not SAT
