Test name,Execution time,Result,Values
../test/20220315-MathProblems//STC_0001.smt2,22.307753300,sat,
../test/20220315-MathProblems//STC_0002.smt2,.249581900,sat,
../test/20220315-MathProblems//STC_0003.smt2,.378244600,sat,
../test/20220315-MathProblems//STC_0004.smt2,60.026128800,,
../test/20220315-MathProblems//STC_0005.smt2,60.028352000,,
../test/20220315-MathProblems//STC_0006.smt2,.066445500,sat,
../test/20220315-MathProblems//STC_0007.smt2,.106415100,sat,
../test/20220315-MathProblems//STC_0008.smt2,.077189700,sat,
../test/20220315-MathProblems//STC_0009.smt2,.618808700,sat,
../test/20220315-MathProblems//STC_0010.smt2,3.230073100,sat,
../test/20220315-MathProblems//STC_0011.smt2,60.023142400,,
../test/20220315-MathProblems//STC_0012.smt2,60.028284200,,
../test/20220315-MathProblems//STC_0013.smt2,60.049615700,,
../test/20220315-MathProblems//STC_0014.smt2,60.028044900,,
../test/20220315-MathProblems//STC_0015.smt2,60.025081500,,
../test/20220315-MathProblems//STC_0016.smt2,14.259170500,sat,
../test/20220315-MathProblems//STC_0017.smt2,60.029265200,,
../test/20220315-MathProblems//STC_0018.smt2,60.026878300,,
../test/20220315-MathProblems//STC_0019.smt2,60.024018200,,
../test/20220315-MathProblems//STC_0020.smt2,.078957600,sat,
../test/20220315-MathProblems//STC_0021.smt2,60.024019400,,
../test/20220315-MathProblems//STC_0022.smt2,60.024617400,,
../test/20220315-MathProblems//STC_0023.smt2,60.025376500,,
../test/20220315-MathProblems//STC_0024.smt2,60.032073300,,
../test/20220315-MathProblems//STC_0025.smt2,60.030559000,,
../test/20220315-MathProblems//STC_0026.smt2,60.022980500,,
../test/20220315-MathProblems//STC_0027.smt2,.458589200,sat,
../test/20220315-MathProblems//STC_0028.smt2,60.026529100,,
../test/20220315-MathProblems//STC_0029.smt2,.112709400,sat,
../test/20220315-MathProblems//STC_0030.smt2,60.027846800,,
../test/20220315-MathProblems//STC_0031.smt2,60.024262700,,
../test/20220315-MathProblems//STC_0032.smt2,60.023457700,,
../test/20220315-MathProblems//STC_0033.smt2,60.034278500,,
../test/20220315-MathProblems//STC_0034.smt2,.281467400,sat,
../test/20220315-MathProblems//STC_0035.smt2,60.023079800,,
../test/20220315-MathProblems//STC_0036.smt2,.740731500,sat,
../test/20220315-MathProblems//STC_0037.smt2,.153817100,sat,
../test/20220315-MathProblems//STC_0038.smt2,60.023756600,,
../test/20220315-MathProblems//STC_0039.smt2,60.024210600,,
../test/20220315-MathProblems//STC_0040.smt2,60.022702500,,
../test/20220315-MathProblems//STC_0041.smt2,60.022180100,,
../test/20220315-MathProblems//STC_0042.smt2,60.023230000,,
../test/20220315-MathProblems//STC_0043.smt2,60.022707000,,
../test/20220315-MathProblems//STC_0044.smt2,60.022470500,,
../test/20220315-MathProblems//STC_0045.smt2,.444109700,sat,
../test/20220315-MathProblems//STC_0046.smt2,.248339200,sat,
../test/20220315-MathProblems//STC_0047.smt2,60.022503500,,
../test/20220315-MathProblems//STC_0048.smt2,60.022104200,,
../test/20220315-MathProblems//STC_0049.smt2,60.023674000,,
../test/20220315-MathProblems//STC_0050.smt2,60.022318800,,
../test/20220315-MathProblems//STC_0051.smt2,60.022859900,,
../test/20220315-MathProblems//STC_0052.smt2,60.023175400,,
../test/20220315-MathProblems//STC_0053.smt2,60.022629800,,
../test/20220315-MathProblems//STC_0054.smt2,60.022028300,,
../test/20220315-MathProblems//STC_0055.smt2,.728370200,sat,
../test/20220315-MathProblems//STC_0056.smt2,60.021328000,,
../test/20220315-MathProblems//STC_0057.smt2,2.146098600,sat,
../test/20220315-MathProblems//STC_0058.smt2,60.022046100,,
../test/20220315-MathProblems//STC_0059.smt2,60.022493100,,
../test/20220315-MathProblems//STC_0060.smt2,3.809546900,sat,
../test/20220315-MathProblems//STC_0061.smt2,2.345757300,sat,
../test/20220315-MathProblems//STC_0062.smt2,60.021482800,,
../test/20220315-MathProblems//STC_0063.smt2,60.023782200,,
../test/20220315-MathProblems//STC_0064.smt2,51.415950000,sat,
../test/20220315-MathProblems//STC_0065.smt2,5.786553400,sat,
../test/20220315-MathProblems//STC_0066.smt2,60.023639700,,
../test/20220315-MathProblems//STC_0067.smt2,60.023843800,,
../test/20220315-MathProblems//STC_0068.smt2,60.022447600,,
../test/20220315-MathProblems//STC_0069.smt2,60.022525400,,
../test/20220315-MathProblems//STC_0070.smt2,60.021661100,,
../test/20220315-MathProblems//STC_0071.smt2,28.830961300,sat,
../test/20220315-MathProblems//STC_0072.smt2,60.021361600,,
../test/20220315-MathProblems//STC_0073.smt2,1.062594900,sat,
../test/20220315-MathProblems//STC_0074.smt2,60.021852100,,
../test/20220315-MathProblems//STC_0075.smt2,60.024317300,,
../test/20220315-MathProblems//STC_0076.smt2,60.022627100,,
../test/20220315-MathProblems//STC_0077.smt2,60.023996900,,
../test/20220315-MathProblems//STC_0078.smt2,60.023435800,,
../test/20220315-MathProblems//STC_0079.smt2,60.022253000,,
../test/20220315-MathProblems//STC_0080.smt2,40.070815600,sat,
../test/20220315-MathProblems//STC_0081.smt2,60.022491400,,
../test/20220315-MathProblems//STC_0082.smt2,60.022907000,,
../test/20220315-MathProblems//STC_0083.smt2,60.022654000,,
../test/20220315-MathProblems//STC_0084.smt2,60.021830700,,
../test/20220315-MathProblems//STC_0085.smt2,60.022266200,,
../test/20220315-MathProblems//STC_0086.smt2,60.022316500,,
../test/20220315-MathProblems//STC_0087.smt2,60.022442200,,
../test/20220315-MathProblems//STC_0088.smt2,.163167400,sat,
../test/20220315-MathProblems//STC_0089.smt2,60.021631600,,
../test/20220315-MathProblems//STC_0090.smt2,.570428900,sat,
../test/20220315-MathProblems//STC_0091.smt2,.330613400,sat,
../test/20220315-MathProblems//STC_0092.smt2,60.024137300,,
../test/20220315-MathProblems//STC_0093.smt2,60.021578200,,
../test/20220315-MathProblems//STC_0094.smt2,60.021796700,,
../test/20220315-MathProblems//STC_0095.smt2,60.022503000,,
../test/20220315-MathProblems//STC_0096.smt2,60.023446900,,
../test/20220315-MathProblems//STC_0097.smt2,60.023857700,,
../test/20220315-MathProblems//STC_0098.smt2,60.023180700,,
../test/20220315-MathProblems//STC_0099.smt2,3.486677800,sat,
../test/20220315-MathProblems//STC_0100.smt2,60.022242900,,
../test/20220315-MathProblems//STC_0101.smt2,60.023705500,,
../test/20220315-MathProblems//STC_0102.smt2,60.023755600,,
../test/20220315-MathProblems//STC_0103.smt2,60.022012200,,
../test/20220315-MathProblems//STC_0104.smt2,60.022501900,,
../test/20220315-MathProblems//STC_0105.smt2,46.633576300,sat,
../test/20220315-MathProblems//STC_0106.smt2,30.159143700,sat,
../test/20220315-MathProblems//STC_0107.smt2,60.021656700,,
../test/20220315-MathProblems//STC_0108.smt2,60.021978200,,
../test/20220315-MathProblems//STC_0109.smt2,60.024057500,,
../test/20220315-MathProblems//STC_0110.smt2,60.024445000,,
../test/20220315-MathProblems//STC_0111.smt2,60.023272900,,
../test/20220315-MathProblems//STC_0112.smt2,60.022494300,,
../test/20220315-MathProblems//STC_0113.smt2,60.023236400,,
../test/20220315-MathProblems//STC_0114.smt2,60.022003400,,
../test/20220315-MathProblems//STC_0115.smt2,60.023712800,,
../test/20220315-MathProblems//STC_0116.smt2,60.022040500,,
../test/20220315-MathProblems//STC_0117.smt2,60.022854200,,
../test/20220315-MathProblems//STC_0118.smt2,.309982000,sat,
../test/20220315-MathProblems//STC_0119.smt2,60.022827300,,
../test/20220315-MathProblems//STC_0120.smt2,60.023981400,,
../test/20220315-MathProblems//STC_0121.smt2,60.024789000,,
../test/20220315-MathProblems//STC_0122.smt2,60.022985800,,
../test/20220315-MathProblems//STC_0123.smt2,2.706475100,sat,
../test/20220315-MathProblems//STC_0124.smt2,24.586225800,sat,
../test/20220315-MathProblems//STC_0125.smt2,4.934427700,sat,
../test/20220315-MathProblems//STC_0126.smt2,19.434012400,sat,
../test/20220315-MathProblems//STC_0127.smt2,60.021719000,,
../test/20220315-MathProblems//STC_0128.smt2,16.784018800,sat,
../test/20220315-MathProblems//STC_0129.smt2,60.022754900,,
../test/20220315-MathProblems//STC_0130.smt2,60.023720000,,
../test/20220315-MathProblems//STC_0131.smt2,60.024068200,,
../test/20220315-MathProblems//STC_0132.smt2,60.022966300,,
../test/20220315-MathProblems//STC_0133.smt2,60.023383600,,
../test/20220315-MathProblems//STC_0134.smt2,60.024374700,,
../test/20220315-MathProblems//STC_0135.smt2,60.022705200,,
../test/20220315-MathProblems//STC_0136.smt2,60.021972200,,
../test/20220315-MathProblems//STC_0137.smt2,60.023189500,,
../test/20220315-MathProblems//STC_0138.smt2,60.024525000,,
../test/20220315-MathProblems//STC_0139.smt2,60.022107900,,
../test/20220315-MathProblems//STC_0140.smt2,60.023926500,,
../test/20220315-MathProblems//STC_0141.smt2,60.022374200,,
../test/20220315-MathProblems//STC_0142.smt2,60.022701200,,
../test/20220315-MathProblems//STC_0143.smt2,60.022502200,,
../test/20220315-MathProblems//STC_0144.smt2,.842200900,sat,
../test/20220315-MathProblems//STC_0145.smt2,60.022657700,,
../test/20220315-MathProblems//STC_0146.smt2,60.022008400,,
../test/20220315-MathProblems//STC_0147.smt2,60.022979800,,
../test/20220315-MathProblems//STC_0148.smt2,60.023072900,,
../test/20220315-MathProblems//STC_0149.smt2,60.023599100,,
../test/20220315-MathProblems//STC_0150.smt2,60.023292000,,
../test/20220315-MathProblems//STC_0151.smt2,60.022782300,,
../test/20220315-MathProblems//STC_0152.smt2,.776665300,sat,
../test/20220315-MathProblems//STC_0153.smt2,1.694182000,sat,
../test/20220315-MathProblems//STC_0154.smt2,.327451500,sat,
../test/20220315-MathProblems//STC_0155.smt2,.407564500,sat,
../test/20220315-MathProblems//STC_0156.smt2,60.024155000,,
../test/20220315-MathProblems//STC_0157.smt2,60.024147900,,
../test/20220315-MathProblems//STC_0158.smt2,60.024110300,,
../test/20220315-MathProblems//STC_0159.smt2,60.022909400,,
../test/20220315-MathProblems//STC_0160.smt2,.917975500,sat,
../test/20220315-MathProblems//STC_0161.smt2,60.021790200,,
../test/20220315-MathProblems//STC_0162.smt2,7.141228200,sat,
../test/20220315-MathProblems//STC_0163.smt2,60.021348600,,
../test/20220315-MathProblems//STC_0164.smt2,60.022156300,,
../test/20220315-MathProblems//STC_0165.smt2,60.021716100,,
../test/20220315-MathProblems//STC_0166.smt2,60.024505800,,
../test/20220315-MathProblems//STC_0167.smt2,60.033900500,,
../test/20220315-MathProblems//STC_0168.smt2,12.707163200,sat,
../test/20220315-MathProblems//STC_0169.smt2,18.310024200,sat,
../test/20220315-MathProblems//STC_0170.smt2,60.022634300,,
../test/20220315-MathProblems//STC_0171.smt2,60.024107300,,
../test/20220315-MathProblems//STC_0172.smt2,60.023571500,,
../test/20220315-MathProblems//STC_0173.smt2,60.023017600,,
../test/20220315-MathProblems//STC_0174.smt2,60.022482100,,
../test/20220315-MathProblems//STC_0175.smt2,60.023170800,,
../test/20220315-MathProblems//STC_0176.smt2,60.022940500,,
../test/20220315-MathProblems//STC_0177.smt2,60.024456400,,
../test/20220315-MathProblems//STC_0178.smt2,60.023069700,,
../test/20220315-MathProblems//STC_0179.smt2,1.263138300,sat,
../test/20220315-MathProblems//STC_0180.smt2,60.022907500,,
../test/20220315-MathProblems//STC_0181.smt2,5.591878100,sat,
../test/20220315-MathProblems//STC_0182.smt2,60.021208600,,
../test/20220315-MathProblems//STC_0183.smt2,60.022682300,,
../test/20220315-MathProblems//STC_0184.smt2,60.023466000,,
../test/20220315-MathProblems//STC_0185.smt2,60.023215100,,
../test/20220315-MathProblems//STC_0186.smt2,6.894339700,sat,
../test/20220315-MathProblems//STC_0187.smt2,60.023630000,,
../test/20220315-MathProblems//STC_0188.smt2,10.206484000,sat,
../test/20220315-MathProblems//STC_0189.smt2,1.563036400,sat,
../test/20220315-MathProblems//STC_0190.smt2,60.022116900,,
../test/20220315-MathProblems//STC_0191.smt2,60.022945100,,
../test/20220315-MathProblems//STC_0192.smt2,14.263024400,sat,
../test/20220315-MathProblems//STC_0193.smt2,60.021715600,,
../test/20220315-MathProblems//STC_0194.smt2,60.027113900,,
../test/20220315-MathProblems//STC_0195.smt2,60.022404100,,
../test/20220315-MathProblems//STC_0196.smt2,.536229700,sat,
../test/20220315-MathProblems//STC_0197.smt2,.993974000,sat,
../test/20220315-MathProblems//STC_0198.smt2,60.022353500,,
../test/20220315-MathProblems//STC_0199.smt2,60.023096900,,
../test/20220315-MathProblems//STC_0200.smt2,60.022630200,,
../test/20220315-MathProblems//STC_0201.smt2,60.023861500,,
../test/20220315-MathProblems//STC_0202.smt2,60.021774900,,
../test/20220315-MathProblems//STC_0203.smt2,60.023339000,,
../test/20220315-MathProblems//STC_0204.smt2,60.023873800,,
../test/20220315-MathProblems//STC_0205.smt2,60.022464700,,
../test/20220315-MathProblems//STC_0206.smt2,13.764172500,sat,
../test/20220315-MathProblems//STC_0207.smt2,60.022415300,,
../test/20220315-MathProblems//STC_0208.smt2,9.724219200,sat,
../test/20220315-MathProblems//STC_0209.smt2,7.930504600,sat,
../test/20220315-MathProblems//STC_0210.smt2,60.021113500,,
../test/20220315-MathProblems//STC_0211.smt2,60.023714300,,
../test/20220315-MathProblems//STC_0212.smt2,60.024266500,,
../test/20220315-MathProblems//STC_0213.smt2,60.022201800,,
../test/20220315-MathProblems//STC_0214.smt2,60.024492500,,
../test/20220315-MathProblems//STC_0215.smt2,6.152866500,sat,
../test/20220315-MathProblems//STC_0216.smt2,.820842900,sat,
../test/20220315-MathProblems//STC_0217.smt2,60.021783600,,
../test/20220315-MathProblems//STC_0218.smt2,5.579086800,sat,
../test/20220315-MathProblems//STC_0219.smt2,60.022497100,,
../test/20220315-MathProblems//STC_0220.smt2,60.022543400,,
../test/20220315-MathProblems//STC_0221.smt2,60.022833800,,
../test/20220315-MathProblems//STC_0222.smt2,60.022927400,,
../test/20220315-MathProblems//STC_0223.smt2,60.021655600,,
../test/20220315-MathProblems//STC_0224.smt2,60.022214500,,
../test/20220315-MathProblems//STC_0225.smt2,60.022866000,,
../test/20220315-MathProblems//STC_0226.smt2,60.022580100,,
../test/20220315-MathProblems//STC_0227.smt2,60.022107800,,
../test/20220315-MathProblems//STC_0228.smt2,60.022739000,,
../test/20220315-MathProblems//STC_0229.smt2,60.022671300,,
../test/20220315-MathProblems//STC_0230.smt2,60.022619100,,
../test/20220315-MathProblems//STC_0231.smt2,60.021981800,,
../test/20220315-MathProblems//STC_0232.smt2,60.022964000,,
../test/20220315-MathProblems//STC_0233.smt2,60.022763300,,
../test/20220315-MathProblems//STC_0234.smt2,60.022181700,,
../test/20220315-MathProblems//STC_0235.smt2,60.026160500,,
../test/20220315-MathProblems//STC_0236.smt2,60.040235100,,
../test/20220315-MathProblems//STC_0237.smt2,60.064076100,,
../test/20220315-MathProblems//STC_0238.smt2,60.030271200,,
../test/20220315-MathProblems//STC_0239.smt2,60.038568600,,
../test/20220315-MathProblems//STC_0240.smt2,60.027191500,,
../test/20220315-MathProblems//STC_0241.smt2,60.032119200,,
../test/20220315-MathProblems//STC_0242.smt2,3.153307600,sat,
../test/20220315-MathProblems//STC_0243.smt2,60.034701800,,
../test/20220315-MathProblems//STC_0244.smt2,.566468200,sat,
../test/20220315-MathProblems//STC_0245.smt2,60.023344400,,
../test/20220315-MathProblems//STC_0246.smt2,60.052458200,,
../test/20220315-MathProblems//STC_0247.smt2,60.028499000,,
../test/20220315-MathProblems//STC_0248.smt2,60.022392000,,
../test/20220315-MathProblems//STC_0249.smt2,60.022837800,,
../test/20220315-MathProblems//STC_0250.smt2,5.788614500,sat,
../test/20220315-MathProblems//STC_0251.smt2,60.021189400,,
../test/20220315-MathProblems//STC_0252.smt2,60.022604200,,
../test/20220315-MathProblems//STC_0253.smt2,60.022924800,,
../test/20220315-MathProblems//STC_0254.smt2,60.021422200,,
../test/20220315-MathProblems//STC_0255.smt2,60.022330000,,
../test/20220315-MathProblems//STC_0256.smt2,60.020951000,,
../test/20220315-MathProblems//STC_0257.smt2,60.023122200,,
../test/20220315-MathProblems//STC_0258.smt2,60.022569300,,
../test/20220315-MathProblems//STC_0259.smt2,60.021953600,,
../test/20220315-MathProblems//STC_0260.smt2,60.022631500,,
../test/20220315-MathProblems//STC_0261.smt2,32.433379600,sat,
../test/20220315-MathProblems//STC_0262.smt2,60.021231000,,
../test/20220315-MathProblems//STC_0263.smt2,2348.858844400,,
../test/20220315-MathProblems//STC_0264.smt2,60.025268600,,
../test/20220315-MathProblems//STC_0265.smt2,60.022603300,,
../test/20220315-MathProblems//STC_0266.smt2,60.022350600,,
../test/20220315-MathProblems//STC_0267.smt2,60.024395200,,
../test/20220315-MathProblems//STC_0268.smt2,60.021991900,,
../test/20220315-MathProblems//STC_0269.smt2,60.025575300,,
../test/20220315-MathProblems//STC_0270.smt2,10.838609800,sat,
../test/20220315-MathProblems//STC_0271.smt2,60.024478700,,
../test/20220315-MathProblems//STC_0272.smt2,60.027565300,,
../test/20220315-MathProblems//STC_0273.smt2,60.024555200,,
../test/20220315-MathProblems//STC_0274.smt2,60.023116400,,
../test/20220315-MathProblems//STC_0275.smt2,60.029084900,,
../test/20220315-MathProblems//STC_0276.smt2,60.021976700,,
../test/20220315-MathProblems//STC_0277.smt2,60.035100400,,
../test/20220315-MathProblems//STC_0278.smt2,60.023765400,,
../test/20220315-MathProblems//STC_0279.smt2,10.199907200,sat,
../test/20220315-MathProblems//STC_0280.smt2,60.022822900,,
../test/20220315-MathProblems//STC_0281.smt2,60.026177900,,
../test/20220315-MathProblems//STC_0282.smt2,60.028894300,,
../test/20220315-MathProblems//STC_0283.smt2,60.029609300,,
../test/20220315-MathProblems//STC_0284.smt2,60.031740100,,
../test/20220315-MathProblems//STC_0285.smt2,60.030175400,,
../test/20220315-MathProblems//STC_0286.smt2,60.025196900,,
../test/20220315-MathProblems//STC_0287.smt2,60.025220200,,
../test/20220315-MathProblems//STC_0288.smt2,46.137601600,sat,
../test/20220315-MathProblems//STC_0289.smt2,60.090517600,,
../test/20220315-MathProblems//STC_0290.smt2,60.029539400,,
../test/20220315-MathProblems//STC_0291.smt2,60.028692900,,
../test/20220315-MathProblems//STC_0292.smt2,60.036303500,,
../test/20220315-MathProblems//STC_0293.smt2,60.027877900,,
../test/20220315-MathProblems//STC_0294.smt2,60.025965100,,
../test/20220315-MathProblems//STC_0295.smt2,60.024130600,,
../test/20220315-MathProblems//STC_0296.smt2,60.024571200,,
../test/20220315-MathProblems//STC_0297.smt2,60.031981600,,
../test/20220315-MathProblems//STC_0298.smt2,1.609167200,sat,
../test/20220315-MathProblems//STC_0299.smt2,60.028919800,,
../test/20220315-MathProblems//STC_0300.smt2,60.026695700,,
../test/20220315-MathProblems//STC_0301.smt2,60.028802400,,
../test/20220315-MathProblems//STC_0302.smt2,60.031889800,,
../test/20220315-MathProblems//STC_0303.smt2,60.024998600,,
../test/20220315-MathProblems//STC_0304.smt2,60.022922900,,
../test/20220315-MathProblems//STC_0305.smt2,60.024804500,,
../test/20220315-MathProblems//STC_0306.smt2,.989815500,sat,
../test/20220315-MathProblems//STC_0307.smt2,60.031534200,,
../test/20220315-MathProblems//STC_0308.smt2,60.028009800,,
../test/20220315-MathProblems//STC_0309.smt2,60.030880800,,
../test/20220315-MathProblems//STC_0310.smt2,60.032916700,,
../test/20220315-MathProblems//STC_0311.smt2,60.032793000,,
../test/20220315-MathProblems//STC_0312.smt2,60.026920200,,
../test/20220315-MathProblems//STC_0313.smt2,60.025306200,,
../test/20220315-MathProblems//STC_0314.smt2,8.624628000,sat,
../test/20220315-MathProblems//STC_0315.smt2,60.022972000,,
../test/20220315-MathProblems//STC_0316.smt2,6.427650300,sat,
../test/20220315-MathProblems//STC_0317.smt2,60.022528000,,
../test/20220315-MathProblems//STC_0318.smt2,60.026561000,,
../test/20220315-MathProblems//STC_0319.smt2,60.021648100,,
../test/20220315-MathProblems//STC_0320.smt2,60.027455000,,
../test/20220315-MathProblems//STC_0321.smt2,60.060527300,,
../test/20220315-MathProblems//STC_0322.smt2,60.028541000,,
../test/20220315-MathProblems//STC_0323.smt2,60.026672300,,
../test/20220315-MathProblems//STC_0324.smt2,8.061419600,sat,
../test/20220315-MathProblems//STC_0325.smt2,60.022502900,,
../test/20220315-MathProblems//STC_0326.smt2,60.027617300,,
../test/20220315-MathProblems//STC_0327.smt2,60.033313300,,
../test/20220315-MathProblems//STC_0328.smt2,60.023103700,,
../test/20220315-MathProblems//STC_0329.smt2,60.024047500,,
../test/20220315-MathProblems//STC_0330.smt2,60.024161700,,
../test/20220315-MathProblems//STC_0331.smt2,60.023878200,,
../test/20220315-MathProblems//STC_0332.smt2,42.818680100,sat,
../test/20220315-MathProblems//STC_0333.smt2,60.023143100,,
../test/20220315-MathProblems//STC_0334.smt2,60.022797100,,
../test/20220315-MathProblems//STC_0335.smt2,60.022453100,,
../test/20220315-MathProblems//STC_0336.smt2,60.023431800,,
../test/20220315-MathProblems//STC_0337.smt2,60.023178400,,
../test/20220315-MathProblems//STC_0338.smt2,60.023934400,,
../test/20220315-MathProblems//STC_0339.smt2,60.022105300,,
../test/20220315-MathProblems//STC_0340.smt2,60.024413000,,
../test/20220315-MathProblems//STC_0341.smt2,14.638441300,sat,
../test/20220315-MathProblems//STC_0342.smt2,7.674542800,sat,
../test/20220315-MathProblems//STC_0343.smt2,54.818355600,sat,
../test/20220315-MathProblems//STC_0344.smt2,9.882452300,sat,
../test/20220315-MathProblems//STC_0345.smt2,28.942739000,sat,
../test/20220315-MathProblems//STC_0346.smt2,60.021768100,,
../test/20220315-MathProblems//STC_0347.smt2,60.023313700,,
../test/20220315-MathProblems//STC_0348.smt2,60.023159300,,
../test/20220315-MathProblems//STC_0349.smt2,60.217279400,,
../test/20220315-MathProblems//STC_0350.smt2,60.025707300,,
../test/20220315-MathProblems//STC_0351.smt2,10.253981200,sat,
../test/20220315-MathProblems//STC_0352.smt2,19.651254800,sat,
../test/20220315-MathProblems//STC_0353.smt2,60.022114700,,
../test/20220315-MathProblems//STC_0354.smt2,60.023033000,,
../test/20220315-MathProblems//STC_0355.smt2,60.023853400,,
../test/20220315-MathProblems//STC_0356.smt2,60.023618900,,
../test/20220315-MathProblems//STC_0357.smt2,60.027257500,,
../test/20220315-MathProblems//STC_0358.smt2,1.231954800,sat,
../test/20220315-MathProblems//STC_0359.smt2,60.025497600,,
../test/20220315-MathProblems//STC_0360.smt2,60.132885800,,
../test/20220315-MathProblems//STC_0361.smt2,60.029279300,,
../test/20220315-MathProblems//STC_0362.smt2,6.474260100,sat,
../test/20220315-MathProblems//STC_0363.smt2,60.035138600,,
../test/20220315-MathProblems//STC_0364.smt2,60.046745700,,
../test/20220315-MathProblems//STC_0365.smt2,60.045351100,,
../test/20220315-MathProblems//STC_0366.smt2,60.040712300,,
../test/20220315-MathProblems//STC_0367.smt2,60.081019100,,
../test/20220315-MathProblems//STC_0368.smt2,1.787056800,sat,
../test/20220315-MathProblems//STC_0369.smt2,60.042563100,,
../test/20220315-MathProblems//STC_0370.smt2,1.908345000,sat,
../test/20220315-MathProblems//STC_0371.smt2,60.036110200,,
../test/20220315-MathProblems//STC_0372.smt2,60.040966700,,
../test/20220315-MathProblems//STC_0373.smt2,60.053286100,,
../test/20220315-MathProblems//STC_0374.smt2,60.037873800,,
../test/20220315-MathProblems//STC_0375.smt2,60.038448400,,
../test/20220315-MathProblems//STC_0376.smt2,60.042539100,,
../test/20220315-MathProblems//STC_0377.smt2,60.046446200,,
../test/20220315-MathProblems//STC_0378.smt2,4.060236200,sat,
../test/20220315-MathProblems//STC_0379.smt2,48.396036100,sat,
../test/20220315-MathProblems//STC_0380.smt2,60.044358700,,
../test/20220315-MathProblems//STC_0381.smt2,60.044664900,,
../test/20220315-MathProblems//STC_0382.smt2,60.038021500,,
../test/20220315-MathProblems//STC_0383.smt2,60.047483900,,
../test/20220315-MathProblems//STC_0384.smt2,60.044729300,,
../test/20220315-MathProblems//STC_0385.smt2,60.043520000,,
../test/20220315-MathProblems//STC_0386.smt2,37.956068600,sat,
../test/20220315-MathProblems//STC_0387.smt2,4.337880900,sat,
../test/20220315-MathProblems//STC_0388.smt2,40.506160100,sat,
../test/20220315-MathProblems//STC_0389.smt2,60.045780300,,
../test/20220315-MathProblems//STC_0390.smt2,60.042988100,,
../test/20220315-MathProblems//STC_0391.smt2,60.037159000,,
../test/20220315-MathProblems//STC_0392.smt2,60.023311000,,
../test/20220315-MathProblems//STC_0393.smt2,60.022217200,,
../test/20220315-MathProblems//STC_0394.smt2,60.022441300,,
../test/20220315-MathProblems//STC_0395.smt2,60.021734400,,
../test/20220315-MathProblems//STC_0396.smt2,60.046933400,,
../test/20220315-MathProblems//STC_0397.smt2,12.888291200,sat,
../test/20220315-MathProblems//STC_0398.smt2,10.688613600,sat,
../test/20220315-MathProblems//STC_0399.smt2,60.026920800,,
../test/20220315-MathProblems//STC_0400.smt2,60.027881700,,
../test/20220315-MathProblems//STC_0401.smt2,60.023407000,,
../test/20220315-MathProblems//STC_0402.smt2,60.028861100,,
../test/20220315-MathProblems//STC_0403.smt2,60.023977900,,
../test/20220315-MathProblems//STC_0404.smt2,60.027641500,,
../test/20220315-MathProblems//STC_0405.smt2,60.025438600,,
../test/20220315-MathProblems//STC_0406.smt2,60.024709500,,
../test/20220315-MathProblems//STC_0407.smt2,36.212066900,sat,
../test/20220315-MathProblems//STC_0408.smt2,60.022281700,,
../test/20220315-MathProblems//STC_0409.smt2,60.021865800,,
../test/20220315-MathProblems//STC_0410.smt2,60.023745400,,
../test/20220315-MathProblems//STC_0411.smt2,60.022342400,,
../test/20220315-MathProblems//STC_0412.smt2,60.024597600,,
../test/20220315-MathProblems//STC_0413.smt2,36.804933500,sat,
../test/20220315-MathProblems//STC_0414.smt2,60.023440500,,
../test/20220315-MathProblems//STC_0415.smt2,60.022704500,,
../test/20220315-MathProblems//STC_0416.smt2,60.023583300,,
../test/20220315-MathProblems//STC_0417.smt2,60.024499800,,
../test/20220315-MathProblems//STC_0418.smt2,60.022611300,,
../test/20220315-MathProblems//STC_0419.smt2,60.023042600,,
../test/20220315-MathProblems//STC_0420.smt2,60.022866600,,
../test/20220315-MathProblems//STC_0421.smt2,22.518174500,sat,
../test/20220315-MathProblems//STC_0422.smt2,60.022822800,,
../test/20220315-MathProblems//STC_0423.smt2,60.022911300,,
../test/20220315-MathProblems//STC_0424.smt2,60.022883300,,
../test/20220315-MathProblems//STC_0425.smt2,60.023135800,,
../test/20220315-MathProblems//STC_0426.smt2,60.022617900,,
../test/20220315-MathProblems//STC_0427.smt2,60.023262000,,
../test/20220315-MathProblems//STC_0428.smt2,60.023601500,,
../test/20220315-MathProblems//STC_0429.smt2,60.024824700,,
../test/20220315-MathProblems//STC_0430.smt2,60.022715800,,
../test/20220315-MathProblems//STC_0431.smt2,60.024075400,,
../test/20220315-MathProblems//STC_0432.smt2,60.023346800,,
../test/20220315-MathProblems//STC_0433.smt2,60.022964800,,
../test/20220315-MathProblems//STC_0434.smt2,4.414228900,sat,
../test/20220315-MathProblems//STC_0435.smt2,60.022974300,,
../test/20220315-MathProblems//STC_0436.smt2,60.022555900,,
../test/20220315-MathProblems//STC_0437.smt2,60.022390400,,
../test/20220315-MathProblems//STC_0438.smt2,60.024731300,,
../test/20220315-MathProblems//STC_0439.smt2,60.024388200,,
../test/20220315-MathProblems//STC_0440.smt2,60.023161000,,
../test/20220315-MathProblems//STC_0441.smt2,60.022447600,,
../test/20220315-MathProblems//STC_0442.smt2,60.022629200,,
../test/20220315-MathProblems//STC_0443.smt2,60.024209100,,
../test/20220315-MathProblems//STC_0444.smt2,60.023505100,,
../test/20220315-MathProblems//STC_0445.smt2,60.022585700,,
../test/20220315-MathProblems//STC_0446.smt2,60.022417500,,
../test/20220315-MathProblems//STC_0447.smt2,60.022760000,,
../test/20220315-MathProblems//STC_0448.smt2,60.022837200,,
../test/20220315-MathProblems//STC_0449.smt2,60.022953300,,
../test/20220315-MathProblems//STC_0450.smt2,60.023414300,,
../test/20220315-MathProblems//STC_0451.smt2,60.022965500,,
../test/20220315-MathProblems//STC_0452.smt2,60.023719400,,
../test/20220315-MathProblems//STC_0453.smt2,60.024852900,,
../test/20220315-MathProblems//STC_0454.smt2,60.022971900,,
../test/20220315-MathProblems//STC_0455.smt2,60.022960200,,
../test/20220315-MathProblems//STC_0456.smt2,14.644333600,sat,
../test/20220315-MathProblems//STC_0457.smt2,60.022669500,,
../test/20220315-MathProblems//STC_0458.smt2,60.023352900,,
../test/20220315-MathProblems//STC_0459.smt2,60.023899000,,
../test/20220315-MathProblems//STC_0460.smt2,60.022719100,,
../test/20220315-MathProblems//STC_0461.smt2,60.022940800,,
../test/20220315-MathProblems//STC_0462.smt2,60.022506300,,
../test/20220315-MathProblems//STC_0463.smt2,60.022569600,,
../test/20220315-MathProblems//STC_0464.smt2,60.022584500,,
../test/20220315-MathProblems//STC_0465.smt2,60.022886200,,
../test/20220315-MathProblems//STC_0466.smt2,60.024611900,,
../test/20220315-MathProblems//STC_0467.smt2,60.021818700,,
../test/20220315-MathProblems//STC_0468.smt2,60.022682900,,
../test/20220315-MathProblems//STC_0469.smt2,60.029689200,,
../test/20220315-MathProblems//STC_0470.smt2,60.030502000,,
../test/20220315-MathProblems//STC_0471.smt2,60.021812100,,
../test/20220315-MathProblems//STC_0472.smt2,60.026195400,,
../test/20220315-MathProblems//STC_0473.smt2,60.028062400,,
../test/20220315-MathProblems//STC_0474.smt2,60.029076900,,
../test/20220315-MathProblems//STC_0475.smt2,8.480263400,sat,
../test/20220315-MathProblems//STC_0476.smt2,60.023248800,,
../test/20220315-MathProblems//STC_0477.smt2,20.961975500,sat,
../test/20220315-MathProblems//STC_0478.smt2,60.022058800,,
../test/20220315-MathProblems//STC_0479.smt2,60.025466100,,
../test/20220315-MathProblems//STC_0480.smt2,60.022486600,,
../test/20220315-MathProblems//STC_0481.smt2,60.022074100,,
../test/20220315-MathProblems//STC_0482.smt2,60.022578200,,
../test/20220315-MathProblems//STC_0483.smt2,60.021327700,,
../test/20220315-MathProblems//STC_0484.smt2,60.023648400,,
../test/20220315-MathProblems//STC_0485.smt2,1.349800700,sat,
../test/20220315-MathProblems//STC_0486.smt2,60.021419000,,
../test/20220315-MathProblems//STC_0487.smt2,60.022048800,,
../test/20220315-MathProblems//STC_0488.smt2,10.631469800,sat,
../test/20220315-MathProblems//STC_0489.smt2,60.021272300,,
../test/20220315-MathProblems//STC_0490.smt2,60.022452300,,
../test/20220315-MathProblems//STC_0491.smt2,60.021702700,,
../test/20220315-MathProblems//STC_0492.smt2,60.021970700,,
../test/20220315-MathProblems//STC_0493.smt2,60.022724700,,
../test/20220315-MathProblems//STC_0494.smt2,60.027588800,,
../test/20220315-MathProblems//STC_0495.smt2,60.022558300,,
../test/20220315-MathProblems//STC_0496.smt2,1.391696000,sat,
../test/20220315-MathProblems//STC_0497.smt2,60.021189500,,
../test/20220315-MathProblems//STC_0498.smt2,60.022278600,,
../test/20220315-MathProblems//STC_0499.smt2,60.022523300,,
../test/20220315-MathProblems//STC_0500.smt2,60.037380400,,
../test/20220315-MathProblems//STC_0501.smt2,60.047933300,,
../test/20220315-MathProblems//STC_0502.smt2,60.054076000,,
../test/20220315-MathProblems//STC_0503.smt2,60.054376300,,
../test/20220315-MathProblems//STC_0504.smt2,23.982549100,sat,
../test/20220315-MathProblems//STC_0505.smt2,4.581224400,sat,
../test/20220315-MathProblems//STC_0506.smt2,60.045215400,,
../test/20220315-MathProblems//STC_0507.smt2,60.043534300,,
../test/20220315-MathProblems//STC_0508.smt2,60.043233800,,
../test/20220315-MathProblems//STC_0509.smt2,60.028959900,,
../test/20220315-MathProblems//STC_0510.smt2,60.051108600,,
../test/20220315-MathProblems//STC_0511.smt2,60.035140100,,
../test/20220315-MathProblems//STC_0512.smt2,2.740683300,sat,
../test/20220315-MathProblems//STC_0513.smt2,60.023672200,,
../test/20220315-MathProblems//STC_0514.smt2,60.029029700,,
../test/20220315-MathProblems//STC_0515.smt2,60.027238300,,
../test/20220315-MathProblems//STC_0516.smt2,60.023501300,,
../test/20220315-MathProblems//STC_0517.smt2,60.027240600,,
../test/20220315-MathProblems//STC_0518.smt2,60.022164000,,
../test/20220315-MathProblems//STC_0519.smt2,60.033834500,,
../test/20220315-MathProblems//STC_0520.smt2,22.542418500,sat,
../test/20220315-MathProblems//STC_0521.smt2,60.027173500,,
../test/20220315-MathProblems//STC_0522.smt2,60.023218400,,
../test/20220315-MathProblems//STC_0523.smt2,60.022917000,,
../test/20220315-MathProblems//STC_0524.smt2,60.023352400,,
../test/20220315-MathProblems//STC_0525.smt2,60.028302200,,
../test/20220315-MathProblems//STC_0526.smt2,60.039744700,,
../test/20220315-MathProblems//STC_0527.smt2,60.029970200,,
../test/20220315-MathProblems//STC_0528.smt2,21.439517900,sat,
../test/20220315-MathProblems//STC_0529.smt2,60.033146300,,
../test/20220315-MathProblems//STC_0530.smt2,60.051805500,,
../test/20220315-MathProblems//STC_0531.smt2,60.027235700,,
../test/20220315-MathProblems//STC_0532.smt2,60.034072800,,
../test/20220315-MathProblems//STC_0533.smt2,60.025139000,,
../test/20220315-MathProblems//STC_0534.smt2,60.068902700,,
../test/20220315-MathProblems//STC_0535.smt2,60.025134900,,
../test/20220315-MathProblems//STC_0536.smt2,60.027516400,,
../test/20220315-MathProblems//STC_0537.smt2,60.021949300,,
../test/20220315-MathProblems//STC_0538.smt2,60.024107500,,
../test/20220315-MathProblems//STC_0539.smt2,14.105172400,sat,
../test/20220315-MathProblems//STC_0540.smt2,.464400600,sat,
../test/20220315-MathProblems//STC_0541.smt2,60.022539700,,
../test/20220315-MathProblems//STC_0542.smt2,60.023351100,,
../test/20220315-MathProblems//STC_0543.smt2,60.024208600,,
../test/20220315-MathProblems//STC_0544.smt2,60.022932700,,
../test/20220315-MathProblems//STC_0545.smt2,60.023135500,,
../test/20220315-MathProblems//STC_0546.smt2,60.024911700,,
../test/20220315-MathProblems//STC_0547.smt2,60.032872200,,
../test/20220315-MathProblems//STC_0548.smt2,60.026486800,,
../test/20220315-MathProblems//STC_0549.smt2,60.030228800,,
../test/20220315-MathProblems//STC_0550.smt2,60.024961600,,
../test/20220315-MathProblems//STC_0551.smt2,60.023919700,,
../test/20220315-MathProblems//STC_0552.smt2,60.031377300,,
../test/20220315-MathProblems//STC_0553.smt2,60.051147300,,
../test/20220315-MathProblems//STC_0554.smt2,60.025366500,,
../test/20220315-MathProblems//STC_0555.smt2,60.071642400,,
../test/20220315-MathProblems//STC_0556.smt2,60.024437300,,
../test/20220315-MathProblems//STC_0557.smt2,60.042031300,,
../test/20220315-MathProblems//STC_0558.smt2,29.113489400,sat,
../test/20220315-MathProblems//STC_0559.smt2,60.038597400,,
../test/20220315-MathProblems//STC_0560.smt2,21.075573500,sat,
../test/20220315-MathProblems//STC_0561.smt2,60.021701700,,
../test/20220315-MathProblems//STC_0562.smt2,60.022291300,,
../test/20220315-MathProblems//STC_0563.smt2,60.023916700,,
../test/20220315-MathProblems//STC_0564.smt2,60.024748700,,
../test/20220315-MathProblems//STC_0565.smt2,60.029213400,,
../test/20220315-MathProblems//STC_0566.smt2,60.025476400,,
../test/20220315-MathProblems//STC_0567.smt2,60.024483900,,
../test/20220315-MathProblems//STC_0568.smt2,60.023971200,,
../test/20220315-MathProblems//STC_0569.smt2,60.024605800,,
../test/20220315-MathProblems//STC_0570.smt2,60.022523000,,
../test/20220315-MathProblems//STC_0571.smt2,60.024714400,,
../test/20220315-MathProblems//STC_0572.smt2,60.024673600,,
../test/20220315-MathProblems//STC_0573.smt2,60.023851000,,
../test/20220315-MathProblems//STC_0574.smt2,1.415743700,sat,
../test/20220315-MathProblems//STC_0575.smt2,60.021961600,,
../test/20220315-MathProblems//STC_0576.smt2,60.024291400,,
../test/20220315-MathProblems//STC_0577.smt2,60.023664900,,
../test/20220315-MathProblems//STC_0578.smt2,60.024947400,,
../test/20220315-MathProblems//STC_0579.smt2,60.025406800,,
../test/20220315-MathProblems//STC_0580.smt2,60.023540900,,
../test/20220315-MathProblems//STC_0581.smt2,60.024317400,,
../test/20220315-MathProblems//STC_0582.smt2,60.024401200,,
../test/20220315-MathProblems//STC_0583.smt2,60.024416500,,
../test/20220315-MathProblems//STC_0584.smt2,60.023946000,,
../test/20220315-MathProblems//STC_0585.smt2,60.025433300,,
../test/20220315-MathProblems//STC_0586.smt2,4.050309000,sat,
../test/20220315-MathProblems//STC_0587.smt2,60.024175600,,
../test/20220315-MathProblems//STC_0588.smt2,60.023757300,,
../test/20220315-MathProblems//STC_0589.smt2,60.024507500,,
../test/20220315-MathProblems//STC_0590.smt2,60.024788900,,
../test/20220315-MathProblems//STC_0591.smt2,60.023668700,,
../test/20220315-MathProblems//STC_0592.smt2,60.023654000,,
../test/20220315-MathProblems//STC_0593.smt2,60.023819100,,
../test/20220315-MathProblems//STC_0594.smt2,60.025980100,,
../test/20220315-MathProblems//STC_0595.smt2,60.023738800,,
../test/20220315-MathProblems//STC_0596.smt2,60.024751700,,
../test/20220315-MathProblems//STC_0597.smt2,60.024810900,,
../test/20220315-MathProblems//STC_0598.smt2,60.023578700,,
../test/20220315-MathProblems//STC_0599.smt2,60.023099100,,
../test/20220315-MathProblems//STC_0600.smt2,60.023072300,,
../test/20220315-MathProblems//STC_0601.smt2,60.024140200,,
../test/20220315-MathProblems//STC_0602.smt2,60.023786600,,
../test/20220315-MathProblems//STC_0603.smt2,60.023033800,,
../test/20220315-MathProblems//STC_0604.smt2,60.024377400,,
../test/20220315-MathProblems//STC_0605.smt2,60.023246900,,
../test/20220315-MathProblems//STC_0606.smt2,60.024329700,,
../test/20220315-MathProblems//STC_0607.smt2,60.024141800,,
../test/20220315-MathProblems//STC_0608.smt2,60.023940000,,
../test/20220315-MathProblems//STC_0609.smt2,60.023092500,,
../test/20220315-MathProblems//STC_0610.smt2,14.877382000,sat,
../test/20220315-MathProblems//STC_0611.smt2,60.024086900,,
../test/20220315-MathProblems//STC_0612.smt2,60.023271600,,
../test/20220315-MathProblems//STC_0613.smt2,60.023855600,,
../test/20220315-MathProblems//STC_0614.smt2,60.024986800,,
../test/20220315-MathProblems//STC_0615.smt2,60.024257000,,
../test/20220315-MathProblems//STC_0616.smt2,60.021926700,,
../test/20220315-MathProblems//STC_0617.smt2,60.022322700,,
../test/20220315-MathProblems//STC_0618.smt2,60.023685100,,
../test/20220315-MathProblems//STC_0619.smt2,60.024119200,,
../test/20220315-MathProblems//STC_0620.smt2,60.023203700,,
../test/20220315-MathProblems//STC_0621.smt2,60.021864900,,
../test/20220315-MathProblems//STC_0622.smt2,60.022721000,,
../test/20220315-MathProblems//STC_0623.smt2,3.013484700,sat,
../test/20220315-MathProblems//STC_0624.smt2,60.023357100,,
../test/20220315-MathProblems//STC_0625.smt2,60.022598100,,
../test/20220315-MathProblems//STC_0626.smt2,60.022768500,,
../test/20220315-MathProblems//STC_0627.smt2,60.022436000,,
../test/20220315-MathProblems//STC_0628.smt2,60.023187500,,
../test/20220315-MathProblems//STC_0629.smt2,60.022366800,,
../test/20220315-MathProblems//STC_0630.smt2,60.023110200,,
../test/20220315-MathProblems//STC_0631.smt2,60.023659900,,
../test/20220315-MathProblems//STC_0632.smt2,60.024525500,,
../test/20220315-MathProblems//STC_0633.smt2,60.023666200,,
../test/20220315-MathProblems//STC_0634.smt2,60.024563900,,
../test/20220315-MathProblems//STC_0635.smt2,60.023690900,,
../test/20220315-MathProblems//STC_0636.smt2,60.030103800,,
../test/20220315-MathProblems//STC_0637.smt2,60.023248000,,
../test/20220315-MathProblems//STC_0638.smt2,20.805812400,sat,
../test/20220315-MathProblems//STC_0639.smt2,60.021867600,,
../test/20220315-MathProblems//STC_0640.smt2,60.024959100,,
../test/20220315-MathProblems//STC_0641.smt2,60.023781500,,
../test/20220315-MathProblems//STC_0642.smt2,60.024186400,,
../test/20220315-MathProblems//STC_0643.smt2,60.024284200,,
../test/20220315-MathProblems//STC_0644.smt2,60.025238000,,
../test/20220315-MathProblems//STC_0645.smt2,60.023380200,,
../test/20220315-MathProblems//STC_0646.smt2,60.023203300,,
../test/20220315-MathProblems//STC_0647.smt2,60.023990900,,
../test/20220315-MathProblems//STC_0648.smt2,60.023578200,,
../test/20220315-MathProblems//STC_0649.smt2,60.024700500,,
../test/20220315-MathProblems//STC_0650.smt2,60.024315900,,
../test/20220315-MathProblems//STC_0651.smt2,60.025429800,,
../test/20220315-MathProblems//STC_0652.smt2,60.022055200,,
../test/20220315-MathProblems//STC_0653.smt2,60.023205300,,
../test/20220315-MathProblems//STC_0654.smt2,60.024142200,,
../test/20220315-MathProblems//STC_0655.smt2,60.025005000,,
../test/20220315-MathProblems//STC_0656.smt2,60.025555500,,
../test/20220315-MathProblems//STC_0657.smt2,60.025228100,,
../test/20220315-MathProblems//STC_0658.smt2,60.023439700,,
../test/20220315-MathProblems//STC_0659.smt2,60.022594700,,
../test/20220315-MathProblems//STC_0660.smt2,60.024647600,,
../test/20220315-MathProblems//STC_0661.smt2,60.022699600,,
../test/20220315-MathProblems//STC_0662.smt2,60.023505400,,
../test/20220315-MathProblems//STC_0663.smt2,60.025369300,,
../test/20220315-MathProblems//STC_0664.smt2,60.023396700,,
../test/20220315-MathProblems//STC_0665.smt2,8.003609200,sat,
../test/20220315-MathProblems//STC_0666.smt2,60.023365600,,
../test/20220315-MathProblems//STC_0667.smt2,60.022962900,,
../test/20220315-MathProblems//STC_0668.smt2,60.022868400,,
../test/20220315-MathProblems//STC_0669.smt2,60.024298100,,
../test/20220315-MathProblems//STC_0670.smt2,60.024196400,,
../test/20220315-MathProblems//STC_0671.smt2,60.025350900,,
../test/20220315-MathProblems//STC_0672.smt2,60.023638700,,
../test/20220315-MathProblems//STC_0673.smt2,22.923856900,sat,
../test/20220315-MathProblems//STC_0674.smt2,60.022650700,,
../test/20220315-MathProblems//STC_0675.smt2,60.025206500,,
../test/20220315-MathProblems//STC_0676.smt2,60.024902200,,
../test/20220315-MathProblems//STC_0677.smt2,60.023578400,,
../test/20220315-MathProblems//STC_0678.smt2,60.024775100,,
../test/20220315-MathProblems//STC_0679.smt2,60.024727900,,
../test/20220315-MathProblems//STC_0680.smt2,60.024372800,,
../test/20220315-MathProblems//STC_0681.smt2,60.024640400,,
../test/20220315-MathProblems//STC_0682.smt2,60.024549100,,
../test/20220315-MathProblems//STC_0683.smt2,60.022297800,,
../test/20220315-MathProblems//STC_0684.smt2,.640774400,sat,
../test/20220315-MathProblems//STC_0685.smt2,60.022510100,,
../test/20220315-MathProblems//STC_0686.smt2,29.698007600,sat,
../test/20220315-MathProblems//STC_0687.smt2,60.022914400,,
../test/20220315-MathProblems//STC_0688.smt2,60.023029300,,
../test/20220315-MathProblems//STC_0689.smt2,60.023621800,,
../test/20220315-MathProblems//STC_0690.smt2,60.024904600,,
../test/20220315-MathProblems//STC_0691.smt2,60.022920700,,
../test/20220315-MathProblems//STC_0692.smt2,60.023387800,,
../test/20220315-MathProblems//STC_0693.smt2,60.023122400,,
../test/20220315-MathProblems//STC_0694.smt2,60.023709500,,
../test/20220315-MathProblems//STC_0695.smt2,60.023275200,,
../test/20220315-MathProblems//STC_0696.smt2,60.023764000,,
../test/20220315-MathProblems//STC_0697.smt2,60.023532800,,
../test/20220315-MathProblems//STC_0698.smt2,60.023357400,,
../test/20220315-MathProblems//STC_0699.smt2,60.024070300,,
../test/20220315-MathProblems//STC_0700.smt2,60.025295100,,
../test/20220315-MathProblems//STC_0701.smt2,.634267600,sat,
../test/20220315-MathProblems//STC_0702.smt2,60.023000100,,
../test/20220315-MathProblems//STC_0703.smt2,60.023421800,,
../test/20220315-MathProblems//STC_0704.smt2,60.023633800,,
../test/20220315-MathProblems//STC_0705.smt2,60.022909800,,
../test/20220315-MathProblems//STC_0706.smt2,60.023589900,,
../test/20220315-MathProblems//STC_0707.smt2,60.023941500,,
../test/20220315-MathProblems//STC_0708.smt2,60.027700800,,
../test/20220315-MathProblems//STC_0709.smt2,60.022852000,,
../test/20220315-MathProblems//STC_0710.smt2,60.023486800,,
../test/20220315-MathProblems//STC_0711.smt2,60.022570200,,
../test/20220315-MathProblems//STC_0712.smt2,60.023048100,,
../test/20220315-MathProblems//STC_0713.smt2,60.024394000,,
../test/20220315-MathProblems//STC_0714.smt2,60.023787500,,
../test/20220315-MathProblems//STC_0715.smt2,60.022549900,,
../test/20220315-MathProblems//STC_0716.smt2,60.023822100,,
../test/20220315-MathProblems//STC_0717.smt2,60.024361700,,
../test/20220315-MathProblems//STC_0718.smt2,60.024708200,,
../test/20220315-MathProblems//STC_0719.smt2,60.025243000,,
../test/20220315-MathProblems//STC_0720.smt2,60.023251000,,
../test/20220315-MathProblems//STC_0721.smt2,60.022692100,,
../test/20220315-MathProblems//STC_0722.smt2,59.908478300,,
../test/20220315-MathProblems//STC_0723.smt2,60.022029400,,
../test/20220315-MathProblems//STC_0724.smt2,60.022367300,,
../test/20220315-MathProblems//STC_0725.smt2,60.024043400,,
../test/20220315-MathProblems//STC_0726.smt2,60.023062000,,
../test/20220315-MathProblems//STC_0727.smt2,60.025180400,,
../test/20220315-MathProblems//STC_0728.smt2,60.023709400,,
../test/20220315-MathProblems//STC_0729.smt2,60.023567000,,
../test/20220315-MathProblems//STC_0730.smt2,32.471050400,sat,
../test/20220315-MathProblems//STC_0731.smt2,60.023300200,,
../test/20220315-MathProblems//STC_0732.smt2,60.023663900,,
../test/20220315-MathProblems//STC_0733.smt2,60.025463900,,
../test/20220315-MathProblems//STC_0734.smt2,60.023935900,,
../test/20220315-MathProblems//STC_0735.smt2,60.022691000,,
../test/20220315-MathProblems//STC_0736.smt2,60.022565000,,
../test/20220315-MathProblems//STC_0737.smt2,31.904500300,sat,
../test/20220315-MathProblems//STC_0738.smt2,60.022326300,,
../test/20220315-MathProblems//STC_0739.smt2,60.024682200,,
../test/20220315-MathProblems//STC_0740.smt2,60.024202500,,
../test/20220315-MathProblems//STC_0741.smt2,60.026568100,,
../test/20220315-MathProblems//STC_0742.smt2,60.024529400,,
../test/20220315-MathProblems//STC_0743.smt2,60.025144700,,
../test/20220315-MathProblems//STC_0744.smt2,60.024659600,,
../test/20220315-MathProblems//STC_0745.smt2,60.025341200,,
../test/20220315-MathProblems//STC_0746.smt2,60.025173100,,
../test/20220315-MathProblems//STC_0747.smt2,60.022839500,,
../test/20220315-MathProblems//STC_0748.smt2,2.378189700,sat,
../test/20220315-MathProblems//STC_0749.smt2,60.022195400,,
../test/20220315-MathProblems//STC_0750.smt2,31.967592000,sat,
../test/20220315-MathProblems//STC_0751.smt2,60.022269900,,
../test/20220315-MathProblems//STC_0752.smt2,60.025263100,,
../test/20220315-MathProblems//STC_0753.smt2,60.024502400,,
../test/20220315-MathProblems//STC_0754.smt2,60.023388200,,
../test/20220315-MathProblems//STC_0755.smt2,38.373609000,sat,
../test/20220315-MathProblems//STC_0756.smt2,9.983421200,sat,
../test/20220315-MathProblems//STC_0757.smt2,60.022514700,,
../test/20220315-MathProblems//STC_0758.smt2,60.025946700,,
../test/20220315-MathProblems//STC_0759.smt2,60.024613700,,
../test/20220315-MathProblems//STC_0760.smt2,60.023875500,,
../test/20220315-MathProblems//STC_0761.smt2,60.023932300,,
../test/20220315-MathProblems//STC_0762.smt2,60.024455400,,
../test/20220315-MathProblems//STC_0763.smt2,60.023584800,,
../test/20220315-MathProblems//STC_0764.smt2,60.025397000,,
../test/20220315-MathProblems//STC_0765.smt2,60.025430600,,
../test/20220315-MathProblems//STC_0766.smt2,60.025396900,,
../test/20220315-MathProblems//STC_0767.smt2,60.025692100,,
../test/20220315-MathProblems//STC_0768.smt2,60.024861700,,
../test/20220315-MathProblems//STC_0769.smt2,60.024793300,,
../test/20220315-MathProblems//STC_0770.smt2,60.025399800,,
../test/20220315-MathProblems//STC_0771.smt2,60.022063200,,
../test/20220315-MathProblems//STC_0772.smt2,55.057205900,,
../test/20220315-MathProblems//STC_0773.smt2,60.028300100,,
../test/20220315-MathProblems//STC_0774.smt2,60.022671400,,
../test/20220315-MathProblems//STC_0775.smt2,60.022079800,,
../test/20220315-MathProblems//STC_0776.smt2,60.022312400,,
../test/20220315-MathProblems//STC_0777.smt2,60.021631700,,
../test/20220315-MathProblems//STC_0778.smt2,60.022039800,,
../test/20220315-MathProblems//STC_0779.smt2,60.025713700,,
../test/20220315-MathProblems//STC_0780.smt2,60.026921600,,
../test/20220315-MathProblems//STC_0781.smt2,60.025470600,,
../test/20220315-MathProblems//STC_0782.smt2,60.023144700,,
../test/20220315-MathProblems//STC_0783.smt2,60.030768800,,
../test/20220315-MathProblems//STC_0784.smt2,60.027216100,,
../test/20220315-MathProblems//STC_0785.smt2,42.863223100,sat,
../test/20220315-MathProblems//STC_0786.smt2,60.045904500,,
../test/20220315-MathProblems//STC_0787.smt2,60.025597800,,
../test/20220315-MathProblems//STC_0788.smt2,60.028886500,,
../test/20220315-MathProblems//STC_0789.smt2,60.021910700,,
../test/20220315-MathProblems//STC_0790.smt2,60.021896400,,
../test/20220315-MathProblems//STC_0791.smt2,60.021579100,,
../test/20220315-MathProblems//STC_0792.smt2,60.022650500,,
../test/20220315-MathProblems//STC_0793.smt2,60.022066800,,
../test/20220315-MathProblems//STC_0794.smt2,60.021417400,,
../test/20220315-MathProblems//STC_0795.smt2,60.022332100,,
../test/20220315-MathProblems//STC_0796.smt2,60.023024200,,
../test/20220315-MathProblems//STC_0797.smt2,60.022235500,,
../test/20220315-MathProblems//STC_0798.smt2,60.022683100,,
../test/20220315-MathProblems//STC_0799.smt2,60.021873200,,
../test/20220315-MathProblems//STC_0800.smt2,37.422217400,sat,
../test/20220315-MathProblems//STC_0801.smt2,60.021044000,,
../test/20220315-MathProblems//STC_0802.smt2,50.976925200,sat,
../test/20220315-MathProblems//STC_0803.smt2,60.022228600,,
../test/20220315-MathProblems//STC_0804.smt2,60.028230200,,
../test/20220315-MathProblems//STC_0805.smt2,60.023822900,,
../test/20220315-MathProblems//STC_0806.smt2,60.022901200,,
../test/20220315-MathProblems//STC_0807.smt2,60.022168500,,
../test/20220315-MathProblems//STC_0808.smt2,60.029510700,,
../test/20220315-MathProblems//STC_0809.smt2,60.032899200,,
../test/20220315-MathProblems//STC_0810.smt2,60.037159300,,
../test/20220315-MathProblems//STC_0811.smt2,60.022293200,,
../test/20220315-MathProblems//STC_0812.smt2,60.022866700,,
../test/20220315-MathProblems//STC_0813.smt2,60.022153600,,
../test/20220315-MathProblems//STC_0814.smt2,60.023936200,,
../test/20220315-MathProblems//STC_0815.smt2,60.022748700,,
../test/20220315-MathProblems//STC_0816.smt2,60.025475200,,
../test/20220315-MathProblems//STC_0817.smt2,5.084303200,sat,
../test/20220315-MathProblems//STC_0818.smt2,60.039923300,,
../test/20220315-MathProblems//STC_0819.smt2,60.090197300,,
../test/20220315-MathProblems//STC_0820.smt2,60.023119100,,
../test/20220315-MathProblems//STC_0821.smt2,60.024792500,,
../test/20220315-MathProblems//STC_0822.smt2,60.023856700,,
../test/20220315-MathProblems//STC_0823.smt2,60.031087100,,
../test/20220315-MathProblems//STC_0824.smt2,60.024285600,,
../test/20220315-MathProblems//STC_0825.smt2,60.024216900,,
../test/20220315-MathProblems//STC_0826.smt2,60.050217400,,
../test/20220315-MathProblems//STC_0827.smt2,60.024328600,,
../test/20220315-MathProblems//STC_0828.smt2,60.035155100,,
../test/20220315-MathProblems//STC_0829.smt2,60.026475900,,
../test/20220315-MathProblems//STC_0830.smt2,60.040325800,,
../test/20220315-MathProblems//STC_0831.smt2,60.047767600,,
../test/20220315-MathProblems//STC_0832.smt2,60.023826400,,
../test/20220315-MathProblems//STC_0833.smt2,60.024404400,,
../test/20220315-MathProblems//STC_0834.smt2,60.022798900,,
../test/20220315-MathProblems//STC_0835.smt2,60.022949100,,
../test/20220315-MathProblems//STC_0836.smt2,60.029354800,,
../test/20220315-MathProblems//STC_0837.smt2,60.030618900,,
../test/20220315-MathProblems//STC_0838.smt2,60.028698600,,
../test/20220315-MathProblems//STC_0839.smt2,60.038175600,,
../test/20220315-MathProblems//STC_0840.smt2,60.084627600,,
../test/20220315-MathProblems//STC_0841.smt2,60.033851100,,
../test/20220315-MathProblems//STC_0842.smt2,60.025077000,,
../test/20220315-MathProblems//STC_0843.smt2,60.035358300,,
../test/20220315-MathProblems//STC_0844.smt2,60.023917300,,
../test/20220315-MathProblems//STC_0845.smt2,60.022931300,,
../test/20220315-MathProblems//STC_0846.smt2,10.219102700,sat,
../test/20220315-MathProblems//STC_0847.smt2,60.022775000,,
../test/20220315-MathProblems//STC_0848.smt2,60.024959300,,
../test/20220315-MathProblems//STC_0849.smt2,60.024522000,,
../test/20220315-MathProblems//STC_0850.smt2,60.024075000,,
../test/20220315-MathProblems//STC_0851.smt2,60.036903800,,
../test/20220315-MathProblems//STC_0852.smt2,60.026270500,,
../test/20220315-MathProblems//STC_0853.smt2,60.030315900,,
../test/20220315-MathProblems//STC_0854.smt2,60.024161800,,
../test/20220315-MathProblems//STC_0855.smt2,60.027191000,,
../test/20220315-MathProblems//STC_0856.smt2,60.032591600,,
../test/20220315-MathProblems//STC_0857.smt2,60.025326100,,
../test/20220315-MathProblems//STC_0858.smt2,60.026924100,,
../test/20220315-MathProblems//STC_0859.smt2,60.024386600,,
../test/20220315-MathProblems//STC_0860.smt2,60.040330300,,
../test/20220315-MathProblems//STC_0861.smt2,60.036517400,,
../test/20220315-MathProblems//STC_0862.smt2,60.042020300,,
../test/20220315-MathProblems//STC_0863.smt2,60.048526100,,
../test/20220315-MathProblems//STC_0864.smt2,60.053569100,,
../test/20220315-MathProblems//STC_0865.smt2,60.074275700,,
../test/20220315-MathProblems//STC_0866.smt2,60.030369300,,
../test/20220315-MathProblems//STC_0867.smt2,60.024409900,,
../test/20220315-MathProblems//STC_0868.smt2,60.022911600,,
../test/20220315-MathProblems//STC_0869.smt2,60.022706600,,
../test/20220315-MathProblems//STC_0870.smt2,60.021793300,,
../test/20220315-MathProblems//STC_0871.smt2,60.022027800,,
../test/20220315-MathProblems//STC_0872.smt2,60.022886600,,
../test/20220315-MathProblems//STC_0873.smt2,60.028755900,,
../test/20220315-MathProblems//STC_0874.smt2,60.022434400,,
../test/20220315-MathProblems//STC_0875.smt2,20.860170900,sat,
../test/20220315-MathProblems//STC_0876.smt2,60.022205700,,
../test/20220315-MathProblems//STC_0877.smt2,60.021733900,,
../test/20220315-MathProblems//STC_0878.smt2,60.022040100,,
../test/20220315-MathProblems//STC_0879.smt2,60.022986900,,
../test/20220315-MathProblems//STC_0880.smt2,60.023570300,,
../test/20220315-MathProblems//STC_0881.smt2,60.026555500,,
../test/20220315-MathProblems//STC_0882.smt2,7.066268600,sat,
../test/20220315-MathProblems//STC_0883.smt2,60.021651000,,
../test/20220315-MathProblems//STC_0884.smt2,60.024050400,,
../test/20220315-MathProblems//STC_0885.smt2,60.022002800,,
../test/20220315-MathProblems//STC_0886.smt2,60.021728300,,
../test/20220315-MathProblems//STC_0887.smt2,60.024320100,,
../test/20220315-MathProblems//STC_0888.smt2,60.023406600,,
../test/20220315-MathProblems//STC_0889.smt2,60.021412900,,
../test/20220315-MathProblems//STC_0890.smt2,60.021989000,,
../test/20220315-MathProblems//STC_0891.smt2,60.022337700,,
../test/20220315-MathProblems//STC_0892.smt2,60.022376900,,
../test/20220315-MathProblems//STC_0893.smt2,1.540946000,sat,
../test/20220315-MathProblems//STC_0894.smt2,60.021030000,,
../test/20220315-MathProblems//STC_0895.smt2,60.026385500,,
../test/20220315-MathProblems//STC_0896.smt2,60.024884600,,
../test/20220315-MathProblems//STC_0897.smt2,60.022845700,,
../test/20220315-MathProblems//STC_0898.smt2,60.021880600,,
../test/20220315-MathProblems//STC_0899.smt2,60.025193900,,
../test/20220315-MathProblems//STC_0900.smt2,60.022063500,,
../test/20220315-MathProblems//STC_0901.smt2,60.022276500,,
../test/20220315-MathProblems//STC_0902.smt2,.746535400,sat,
../test/20220315-MathProblems//STC_0903.smt2,60.022005200,,
../test/20220315-MathProblems//STC_0904.smt2,60.022187200,,
../test/20220315-MathProblems//STC_0905.smt2,60.022008000,,
../test/20220315-MathProblems//STC_0906.smt2,60.022291500,,
../test/20220315-MathProblems//STC_0907.smt2,60.022923600,,
../test/20220315-MathProblems//STC_0908.smt2,60.023054100,,
../test/20220315-MathProblems//STC_0909.smt2,60.022117400,,
../test/20220315-MathProblems//STC_0910.smt2,60.022378100,,
../test/20220315-MathProblems//STC_0911.smt2,60.023698200,,
../test/20220315-MathProblems//STC_0912.smt2,60.022100000,,
../test/20220315-MathProblems//STC_0913.smt2,60.022185600,,
../test/20220315-MathProblems//STC_0914.smt2,60.022422600,,
../test/20220315-MathProblems//STC_0915.smt2,60.026457900,,
../test/20220315-MathProblems//STC_0916.smt2,60.023325300,,
../test/20220315-MathProblems//STC_0917.smt2,60.021856400,,
../test/20220315-MathProblems//STC_0918.smt2,60.022919200,,
../test/20220315-MathProblems//STC_0919.smt2,28.834728900,sat,
../test/20220315-MathProblems//STC_0920.smt2,60.023314900,,
../test/20220315-MathProblems//STC_0921.smt2,60.022607200,,
../test/20220315-MathProblems//STC_0922.smt2,60.021908300,,
../test/20220315-MathProblems//STC_0923.smt2,60.022642300,,
../test/20220315-MathProblems//STC_0924.smt2,60.022751600,,
../test/20220315-MathProblems//STC_0925.smt2,50.423950000,sat,
../test/20220315-MathProblems//STC_0926.smt2,60.021937000,,
../test/20220315-MathProblems//STC_0927.smt2,60.022104800,,
../test/20220315-MathProblems//STC_0928.smt2,60.023300600,,
../test/20220315-MathProblems//STC_0929.smt2,60.021837600,,
../test/20220315-MathProblems//STC_0930.smt2,60.021978400,,
../test/20220315-MathProblems//STC_0931.smt2,60.023097900,,
../test/20220315-MathProblems//STC_0932.smt2,60.026262900,,
../test/20220315-MathProblems//STC_0933.smt2,60.042817300,,
../test/20220315-MathProblems//STC_0934.smt2,60.022799900,,
../test/20220315-MathProblems//STC_0935.smt2,60.024384400,,
../test/20220315-MathProblems//STC_0936.smt2,60.023267700,,
../test/20220315-MathProblems//STC_0937.smt2,60.022487300,,
../test/20220315-MathProblems//STC_0938.smt2,60.022469700,,
../test/20220315-MathProblems//STC_0939.smt2,60.023797400,,
../test/20220315-MathProblems//STC_0940.smt2,60.022294100,,
../test/20220315-MathProblems//STC_0941.smt2,60.023016100,,
../test/20220315-MathProblems//STC_0942.smt2,60.025619100,,
../test/20220315-MathProblems//STC_0943.smt2,60.081371000,,
../test/20220315-MathProblems//STC_0944.smt2,60.022333700,,
../test/20220315-MathProblems//STC_0945.smt2,14.685467500,sat,
../test/20220315-MathProblems//STC_0946.smt2,19.461316600,sat,
../test/20220315-MathProblems//STC_0947.smt2,60.021883300,,
../test/20220315-MathProblems//STC_0948.smt2,60.022957000,,
../test/20220315-MathProblems//STC_0949.smt2,60.022052400,,
../test/20220315-MathProblems//STC_0950.smt2,60.023369200,,
../test/20220315-MathProblems//STC_0951.smt2,60.022844400,,
../test/20220315-MathProblems//STC_0952.smt2,60.022319400,,
../test/20220315-MathProblems//STC_0953.smt2,60.023040200,,
../test/20220315-MathProblems//STC_0954.smt2,60.021416900,,
../test/20220315-MathProblems//STC_0955.smt2,60.022866300,,
../test/20220315-MathProblems//STC_0956.smt2,60.022099700,,
../test/20220315-MathProblems//STC_0957.smt2,60.022173900,,
../test/20220315-MathProblems//STC_0958.smt2,60.022588800,,
../test/20220315-MathProblems//STC_0959.smt2,60.021936400,,
../test/20220315-MathProblems//STC_0960.smt2,60.022745000,,
../test/20220315-MathProblems//STC_0961.smt2,60.023229000,,
../test/20220315-MathProblems//STC_0962.smt2,60.022425800,,
../test/20220315-MathProblems//STC_0963.smt2,60.023959400,,
../test/20220315-MathProblems//STC_0964.smt2,60.021721400,,
../test/20220315-MathProblems//STC_0965.smt2,60.027324200,,
../test/20220315-MathProblems//STC_0966.smt2,60.022779900,,
../test/20220315-MathProblems//STC_0967.smt2,60.022888500,,
../test/20220315-MathProblems//STC_0968.smt2,60.022638100,,
../test/20220315-MathProblems//STC_0969.smt2,60.022006700,,
../test/20220315-MathProblems//STC_0970.smt2,60.022412100,,
../test/20220315-MathProblems//STC_0971.smt2,60.022250900,,
../test/20220315-MathProblems//STC_0972.smt2,22.236933300,sat,
../test/20220315-MathProblems//STC_0973.smt2,60.021124400,,
../test/20220315-MathProblems//STC_0974.smt2,53.204321700,sat,
../test/20220315-MathProblems//STC_0975.smt2,60.024081200,,
../test/20220315-MathProblems//STC_0976.smt2,60.023847600,,
../test/20220315-MathProblems//STC_0977.smt2,60.025166100,,
../test/20220315-MathProblems//STC_0978.smt2,60.023413000,,
../test/20220315-MathProblems//STC_0979.smt2,60.022323300,,
../test/20220315-MathProblems//STC_0980.smt2,60.021778400,,
../test/20220315-MathProblems//STC_0981.smt2,60.023902200,,
../test/20220315-MathProblems//STC_0982.smt2,60.022015900,,
../test/20220315-MathProblems//STC_0983.smt2,60.023173400,,
../test/20220315-MathProblems//STC_0984.smt2,60.022459800,,
../test/20220315-MathProblems//STC_0985.smt2,60.022659000,,
../test/20220315-MathProblems//STC_0986.smt2,60.023291000,,
../test/20220315-MathProblems//STC_0987.smt2,1.299122900,sat,
../test/20220315-MathProblems//STC_0988.smt2,60.021745000,,
../test/20220315-MathProblems//STC_0989.smt2,60.022649300,,
../test/20220315-MathProblems//STC_0990.smt2,60.022815100,,
../test/20220315-MathProblems//STC_0991.smt2,60.021556400,,
../test/20220315-MathProblems//STC_0992.smt2,60.022823100,,
../test/20220315-MathProblems//STC_0993.smt2,60.023831600,,
../test/20220315-MathProblems//STC_0994.smt2,60.024651100,,
../test/20220315-MathProblems//STC_0995.smt2,60.024532800,,
../test/20220315-MathProblems//STC_0996.smt2,60.024707400,,
../test/20220315-MathProblems//STC_0997.smt2,60.023572800,,
../test/20220315-MathProblems//STC_0998.smt2,60.024111200,,
../test/20220315-MathProblems//STC_0999.smt2,60.030541800,,
../test/20220315-MathProblems//STC_1000.smt2,8.661710800,sat,