Test name, Execution time, Result, Values
/20220315-MathProblems/STC_0001.smt2, 0.005003, SAT, x = -32 y = 1 z = 32 
/20220315-MathProblems/STC_0002.smt2, 0.203553, SAT, x = -6 y = -5 z = 7 
/20220315-MathProblems/STC_0003.smt2, 0.210153, SAT, x = -5 y = 4 z = 4 
/20220315-MathProblems/STC_0004.smt2, 180.000264, Not SAT
/20220315-MathProblems/STC_0005.smt2, 180.000250, Not SAT
/20220315-MathProblems/STC_0006.smt2, 0.238483, SAT, x = -1 y = -1 z = 2 
/20220315-MathProblems/STC_0007.smt2, 0.240200, SAT, x = -1 y = 0 z = 2 
/20220315-MathProblems/STC_0008.smt2, 0.004620, SAT, x = -32 y = 2 z = 32 
/20220315-MathProblems/STC_0009.smt2, 0.246223, SAT, x = 0 y = 1 z = 2 
/20220315-MathProblems/STC_0010.smt2, 0.223784, SAT, x = -3 y = -3 z = 4 
/20220315-MathProblems/STC_0011.smt2, 0.239800, SAT, x = -2 y = -2 z = 3 
/20220315-MathProblems/STC_0012.smt2, 0.164651, SAT, x = -11 y = 7 z = 10 
/20220315-MathProblems/STC_0013.smt2, 180.000302, Not SAT
/20220315-MathProblems/STC_0014.smt2, 180.000268, Not SAT
/20220315-MathProblems/STC_0015.smt2, 0.261458, SAT, x = -1 y = 2 z = 2 
/20220315-MathProblems/STC_0016.smt2, 0.171840, SAT, x = -12 y = -10 z = 14 
/20220315-MathProblems/STC_0017.smt2, 0.264841, SAT, x = 1 y = 2 z = 2 
/20220315-MathProblems/STC_0018.smt2, 0.244847, SAT, x = -2 y = -1 z = 3 
/20220315-MathProblems/STC_0019.smt2, 0.132450, SAT, x = -16 y = -14 z = 19 
/20220315-MathProblems/STC_0020.smt2, 0.247087, SAT, x = -2 y = 1 z = 3 
/20220315-MathProblems/STC_0021.smt2, 0.145452, SAT, x = -14 y = -11 z = 16 
/20220315-MathProblems/STC_0022.smt2, 180.000206, Not SAT
/20220315-MathProblems/STC_0023.smt2, 180.000295, Not SAT
/20220315-MathProblems/STC_0024.smt2, 0.180243, SAT, x = -10 y = 8 z = 8 
/20220315-MathProblems/STC_0025.smt2, 0.252970, SAT, x = -1 y = -1 z = 3 
/20220315-MathProblems/STC_0026.smt2, 0.254271, SAT, x = -1 y = 0 z = 3 
/20220315-MathProblems/STC_0027.smt2, 0.004838, SAT, x = -32 y = 3 z = 32 
/20220315-MathProblems/STC_0028.smt2, 0.124797, SAT, x = -17 y = 13 z = 14 
/20220315-MathProblems/STC_0029.smt2, 0.103886, SAT, x = -20 y = 13 z = 18 
/20220315-MathProblems/STC_0030.smt2, 180.000263, Not SAT
/20220315-MathProblems/STC_0031.smt2, 180.000238, Not SAT
/20220315-MathProblems/STC_0032.smt2, 180.000310, Not SAT
/20220315-MathProblems/STC_0033.smt2, 180.000232, Not SAT
/20220315-MathProblems/STC_0034.smt2, 0.215593, SAT, x = -6 y = 5 z = 5 
/20220315-MathProblems/STC_0035.smt2, 0.275398, SAT, x = -13 y = -8 z = 14 
/20220315-MathProblems/STC_0036.smt2, 0.441044, SAT, x = -3 y = -1 z = 4 
/20220315-MathProblems/STC_0037.smt2, 0.390974, SAT, x = -3 y = 0 z = 4 
/20220315-MathProblems/STC_0038.smt2, 0.075477, SAT, x = -27 y = 16 z = 25 
/20220315-MathProblems/STC_0039.smt2, 180.000242, Not SAT
/20220315-MathProblems/STC_0040.smt2, 180.000680, Not SAT
/20220315-MathProblems/STC_0041.smt2, 180.000305, Not SAT
/20220315-MathProblems/STC_0042.smt2, 180.000233, Not SAT
/20220315-MathProblems/STC_0043.smt2, 0.287124, SAT, x = -13 y = 8 z = 12 
/20220315-MathProblems/STC_0044.smt2, 0.380158, SAT, x = -7 y = -5 z = 8 
/20220315-MathProblems/STC_0045.smt2, 0.433608, SAT, x = -3 y = 2 z = 4 
/20220315-MathProblems/STC_0046.smt2, 0.058611, SAT, x = -29 y = 19 z = 26 
/20220315-MathProblems/STC_0047.smt2, 0.032655, SAT, x = -30 y = -14 z = 31 
/20220315-MathProblems/STC_0048.smt2, 0.094563, SAT, x = -26 y = -23 z = 31 
/20220315-MathProblems/STC_0049.smt2, 180.000272, Not SAT
/20220315-MathProblems/STC_0050.smt2, 180.000344, Not SAT
/20220315-MathProblems/STC_0051.smt2, 180.000230, Not SAT
/20220315-MathProblems/STC_0052.smt2, 180.000282, Not SAT
/20220315-MathProblems/STC_0053.smt2, 0.252119, SAT, x = -4 y = -2 z = 5 
/20220315-MathProblems/STC_0054.smt2, 0.124502, SAT, x = -18 y = -15 z = 21 
/20220315-MathProblems/STC_0055.smt2, 0.082166, SAT, x = -23 y = -23 z = 29 
/20220315-MathProblems/STC_0056.smt2, 0.112417, SAT, x = -21 y = -11 z = 22 
/20220315-MathProblems/STC_0057.smt2, 0.273373, SAT, x = -2 y = 1 z = 4 
/20220315-MathProblems/STC_0058.smt2, 180.000285, Not SAT
/20220315-MathProblems/STC_0059.smt2, 180.000556, Not SAT
/20220315-MathProblems/STC_0060.smt2, 0.398060, SAT, x = -4 y = -1 z = 5 
/20220315-MathProblems/STC_0061.smt2, 0.405119, SAT, x = -4 y = 0 z = 5 
/20220315-MathProblems/STC_0062.smt2, 0.400774, SAT, x = -4 y = 1 z = 5 
/20220315-MathProblems/STC_0063.smt2, 0.419473, SAT, x = -6 y = -4 z = 7 
/20220315-MathProblems/STC_0064.smt2, 0.008188, SAT, x = -32 y = 4 z = 32 
/20220315-MathProblems/STC_0065.smt2, 0.514126, SAT, x = 0 y = 1 z = 4 
/20220315-MathProblems/STC_0066.smt2, 0.498492, SAT, x = 1 y = 1 z = 4 
/20220315-MathProblems/STC_0067.smt2, 180.000202, Not SAT
/20220315-MathProblems/STC_0068.smt2, 180.000213, Not SAT
/20220315-MathProblems/STC_0069.smt2, 0.135199, SAT, x = -22 y = -19 z = 26 
/20220315-MathProblems/STC_0070.smt2, 0.160789, SAT, x = -21 y = 11 z = 20 
/20220315-MathProblems/STC_0071.smt2, 0.115229, SAT, x = -24 y = 12 z = 23 
/20220315-MathProblems/STC_0072.smt2, 0.082118, SAT, x = -27 y = -13 z = 28 
/20220315-MathProblems/STC_0073.smt2, 0.109405, SAT, x = -24 y = -12 z = 25 
/20220315-MathProblems/STC_0074.smt2, 180.000292, Not SAT
/20220315-MathProblems/STC_0075.smt2, 180.000294, Not SAT
/20220315-MathProblems/STC_0076.smt2, 180.000293, Not SAT
/20220315-MathProblems/STC_0077.smt2, 180.000281, Not SAT
/20220315-MathProblems/STC_0078.smt2, 0.824472, SAT, x = -55 y = 26 z = 53 
/20220315-MathProblems/STC_0079.smt2, 1.634423, SAT, x = -33 y = -19 z = 35 
/20220315-MathProblems/STC_0080.smt2, 0.223472, SAT, x = -6 y = -6 z = 8 
/20220315-MathProblems/STC_0081.smt2, 0.125080, SAT, x = -18 y = 10 z = 17 
/20220315-MathProblems/STC_0082.smt2, 0.200638, SAT, x = -11 y = -11 z = 14 
/20220315-MathProblems/STC_0083.smt2, 0.031170, SAT, x = -29 y = 22 z = 24 
/20220315-MathProblems/STC_0084.smt2, 180.000291, Not SAT
/20220315-MathProblems/STC_0085.smt2, 180.000272, Not SAT
/20220315-MathProblems/STC_0086.smt2, 180.000240, Not SAT
/20220315-MathProblems/STC_0087.smt2, 180.000279, Not SAT
/20220315-MathProblems/STC_0088.smt2, 0.132317, SAT, x = -16 y = -9 z = 17 
/20220315-MathProblems/STC_0089.smt2, 0.200949, SAT, x = -7 y = 6 z = 6 
/20220315-MathProblems/STC_0090.smt2, 0.045013, SAT, x = -27 y = 13 z = 26 
/20220315-MathProblems/STC_0091.smt2, 0.216112, SAT, x = -5 y = 0 z = 6 
/20220315-MathProblems/STC_0092.smt2, 0.191563, SAT, x = -8 y = -5 z = 9 
/20220315-MathProblems/STC_0093.smt2, 0.217236, SAT, x = -5 y = -5 z = 7 
/20220315-MathProblems/STC_0094.smt2, 180.000292, Not SAT
/20220315-MathProblems/STC_0095.smt2, 180.000331, Not SAT
/20220315-MathProblems/STC_0096.smt2, 0.146785, SAT, x = -22 y = 14 z = 20 
/20220315-MathProblems/STC_0097.smt2, 0.114953, SAT, x = -22 y = 17 z = 18 
/20220315-MathProblems/STC_0098.smt2, 0.221263, SAT, x = -15 y = 9 z = 14 
/20220315-MathProblems/STC_0099.smt2, 0.274332, SAT, x = -5 y = 2 z = 6 
/20220315-MathProblems/STC_0100.smt2, 0.261818, SAT, x = -6 y = -3 z = 7 
/20220315-MathProblems/STC_0101.smt2, 0.280454, SAT, x = -3 y = 4 z = 4 
/20220315-MathProblems/STC_0102.smt2, 48.244715, SAT, x = -239 y = 118 z = 229 
/20220315-MathProblems/STC_0103.smt2, 180.000263, Not SAT
/20220315-MathProblems/STC_0104.smt2, 180.000323, Not SAT
/20220315-MathProblems/STC_0105.smt2, 0.341026, SAT, x = -7 y = -4 z = 8 
/20220315-MathProblems/STC_0106.smt2, 0.182572, SAT, x = -19 y = -19 z = 24 
/20220315-MathProblems/STC_0107.smt2, 1.749098, SAT, x = -48 y = -28 z = 51 
/20220315-MathProblems/STC_0108.smt2, 180.000247, Not SAT
/20220315-MathProblems/STC_0109.smt2, 0.227185, SAT, x = -15 y = -15 z = 19 
/20220315-MathProblems/STC_0110.smt2, 180.000250, Not SAT
/20220315-MathProblems/STC_0111.smt2, 180.000203, Not SAT
/20220315-MathProblems/STC_0112.smt2, 180.000200, Not SAT
/20220315-MathProblems/STC_0113.smt2, 180.000270, Not SAT
/20220315-MathProblems/STC_0114.smt2, 180.000246, Not SAT
/20220315-MathProblems/STC_0115.smt2, 0.276328, SAT, x = -12 y = 8 z = 11 
/20220315-MathProblems/STC_0116.smt2, 0.407926, SAT, x = -2 y = -1 z = 5 
/20220315-MathProblems/STC_0117.smt2, 0.360938, SAT, x = -2 y = 0 z = 5 
/20220315-MathProblems/STC_0118.smt2, 0.218710, SAT, x = -5 y = 3 z = 6 
/20220315-MathProblems/STC_0119.smt2, 0.143118, SAT, x = -14 y = -8 z = 15 
/20220315-MathProblems/STC_0120.smt2, 0.250547, SAT, x = -2 y = 4 z = 4 
/20220315-MathProblems/STC_0121.smt2, 180.000152, Not SAT
/20220315-MathProblems/STC_0122.smt2, 180.000307, Not SAT
/20220315-MathProblems/STC_0123.smt2, 0.417271, SAT, x = -1 y = -1 z = 5 
/20220315-MathProblems/STC_0124.smt2, 0.306060, SAT, x = -1 y = 0 z = 5 
/20220315-MathProblems/STC_0125.smt2, 0.005183, SAT, x = -32 y = 5 z = 32 
/20220315-MathProblems/STC_0126.smt2, 0.169791, SAT, x = -12 y = -7 z = 13 
/20220315-MathProblems/STC_0127.smt2, 0.182467, SAT, x = -11 y = 9 z = 9 
/20220315-MathProblems/STC_0128.smt2, 0.069393, SAT, x = -24 y = -20 z = 28 
/20220315-MathProblems/STC_0129.smt2, 0.271986, SAT, x = 1 y = 4 z = 4 
/20220315-MathProblems/STC_0130.smt2, 180.000282, Not SAT
/20220315-MathProblems/STC_0131.smt2, 180.000282, Not SAT
/20220315-MathProblems/STC_0132.smt2, 0.258507, SAT, x = -1 y = 2 z = 5 
/20220315-MathProblems/STC_0133.smt2, 0.022973, SAT, x = -30 y = 14 z = 29 
/20220315-MathProblems/STC_0134.smt2, 0.249085, SAT, x = -13 y = 10 z = 11 
/20220315-MathProblems/STC_0135.smt2, 0.056638, SAT, x = -28 y = -17 z = 30 
/20220315-MathProblems/STC_0136.smt2, 0.456774, SAT, x = 2 y = 4 z = 4 
/20220315-MathProblems/STC_0137.smt2, 0.281406, SAT, x = -11 y = -9 z = 13 
/20220315-MathProblems/STC_0138.smt2, 11.657659, SAT, x = -86 y = -77 z = 103 
/20220315-MathProblems/STC_0139.smt2, 180.000300, Not SAT
/20220315-MathProblems/STC_0140.smt2, 180.000301, Not SAT
/20220315-MathProblems/STC_0141.smt2, 0.176036, SAT, x = -19 y = -10 z = 20 
/20220315-MathProblems/STC_0142.smt2, 0.308485, SAT, x = -7 y = -3 z = 8 
/20220315-MathProblems/STC_0143.smt2, 180.000272, Not SAT
/20220315-MathProblems/STC_0144.smt2, 0.238784, SAT, x = -4 y = -2 z = 6 
/20220315-MathProblems/STC_0145.smt2, 0.190151, SAT, x = -8 y = -7 z = 10 
/20220315-MathProblems/STC_0146.smt2, 0.187998, SAT, x = -9 y = -5 z = 10 
/20220315-MathProblems/STC_0147.smt2, 16.676957, SAT, x = -56 y = -50 z = 67 
/20220315-MathProblems/STC_0148.smt2, 180.000310, Not SAT
/20220315-MathProblems/STC_0149.smt2, 180.000222, Not SAT
/20220315-MathProblems/STC_0150.smt2, 180.000276, Not SAT
/20220315-MathProblems/STC_0151.smt2, 0.229930, SAT, x = -4 y = -1 z = 6 
/20220315-MathProblems/STC_0152.smt2, 0.229442, SAT, x = -4 y = 0 z = 6 
/20220315-MathProblems/STC_0153.smt2, 0.140691, SAT, x = -15 y = 11 z = 13 
/20220315-MathProblems/STC_0154.smt2, 0.210119, SAT, x = -6 y = 3 z = 7 
/20220315-MathProblems/STC_0155.smt2, 0.257330, SAT, x = -5 y = 4 z = 6 
/20220315-MathProblems/STC_0156.smt2, 180.000209, Not SAT
/20220315-MathProblems/STC_0157.smt2, 180.000131, Not SAT
/20220315-MathProblems/STC_0158.smt2, 180.000271, Not SAT
/20220315-MathProblems/STC_0159.smt2, 52.783293, SAT, x = -238 y = -121 z = 248 
/20220315-MathProblems/STC_0160.smt2, 0.368430, SAT, x = -4 y = 2 z = 6 
/20220315-MathProblems/STC_0161.smt2, 0.024264, SAT, x = -31 y = 20 z = 28 
/20220315-MathProblems/STC_0162.smt2, 0.148753, SAT, x = -21 y = -14 z = 23 
/20220315-MathProblems/STC_0163.smt2, 0.081727, SAT, x = -26 y = -21 z = 30 
/20220315-MathProblems/STC_0164.smt2, 1.225970, SAT, x = -47 y = -45 z = 58 
/20220315-MathProblems/STC_0165.smt2, 180.000157, Not SAT
/20220315-MathProblems/STC_0166.smt2, 180.000278, Not SAT
/20220315-MathProblems/STC_0167.smt2, 180.000243, Not SAT
/20220315-MathProblems/STC_0168.smt2, 0.034186, SAT, x = -28 y = -22 z = 32 
/20220315-MathProblems/STC_0169.smt2, 0.203952, SAT, x = -7 y = 0 z = 8 
/20220315-MathProblems/STC_0170.smt2, 0.201319, SAT, x = -7 y = -6 z = 9 
/20220315-MathProblems/STC_0171.smt2, 0.159416, SAT, x = -13 y = -12 z = 16 
/20220315-MathProblems/STC_0172.smt2, 180.000289, Not SAT
/20220315-MathProblems/STC_0173.smt2, 180.000225, Not SAT
/20220315-MathProblems/STC_0174.smt2, 0.206457, SAT, x = -8 y = 7 z = 7 
/20220315-MathProblems/STC_0175.smt2, 180.000282, Not SAT
/20220315-MathProblems/STC_0176.smt2, 180.000153, Not SAT
/20220315-MathProblems/STC_0177.smt2, 0.217289, SAT, x = -7 y = 2 z = 8 
/20220315-MathProblems/STC_0178.smt2, 0.154841, SAT, x = -13 y = -10 z = 15 
/20220315-MathProblems/STC_0179.smt2, 0.238769, SAT, x = -4 y = 3 z = 6 
/20220315-MathProblems/STC_0180.smt2, 180.000157, Not SAT
/20220315-MathProblems/STC_0181.smt2, 0.184967, SAT, x = -11 y = -6 z = 12 
/20220315-MathProblems/STC_0182.smt2, 0.249445, SAT, x = -14 y = 9 z = 13 
/20220315-MathProblems/STC_0183.smt2, 0.203989, SAT, x = -17 y = 10 z = 16 
/20220315-MathProblems/STC_0184.smt2, 180.000312, Not SAT
/20220315-MathProblems/STC_0185.smt2, 180.000318, Not SAT
/20220315-MathProblems/STC_0186.smt2, 0.383241, SAT, x = -4 y = 5 z = 5 
/20220315-MathProblems/STC_0187.smt2, 0.811803, SAT, x = -58 y = 27 z = 56 
/20220315-MathProblems/STC_0188.smt2, 0.082816, SAT, x = -22 y = -11 z = 23 
/20220315-MathProblems/STC_0189.smt2, 0.240540, SAT, x = -3 y = 0 z = 6 
/20220315-MathProblems/STC_0190.smt2, 0.099465, SAT, x = -20 y = 11 z = 19 
/20220315-MathProblems/STC_0191.smt2, 0.214606, SAT, x = -6 y = 4 z = 7 
/20220315-MathProblems/STC_0192.smt2, 0.104680, SAT, x = -20 y = 16 z = 16 
/20220315-MathProblems/STC_0193.smt2, 180.000297, Not SAT
/20220315-MathProblems/STC_0194.smt2, 180.000228, Not SAT
/20220315-MathProblems/STC_0195.smt2, 180.000213, Not SAT
/20220315-MathProblems/STC_0196.smt2, 0.320226, SAT, x = -7 y = 3 z = 8 
/20220315-MathProblems/STC_0197.smt2, 0.269476, SAT, x = -10 y = -10 z = 13 
/20220315-MathProblems/STC_0198.smt2, 1.716527, SAT, x = -48 y = -19 z = 49 
/20220315-MathProblems/STC_0199.smt2, 0.099943, SAT, x = -24 y = 15 z = 22 
/20220315-MathProblems/STC_0200.smt2, 0.517144, SAT, x = -2 y = -2 z = 6 
/20220315-MathProblems/STC_0201.smt2, 101.553384, SAT, x = -182 y = 73 z = 178 
/20220315-MathProblems/STC_0202.smt2, 180.000304, Not SAT
/20220315-MathProblems/STC_0203.smt2, 180.000222, Not SAT
/20220315-MathProblems/STC_0204.smt2, 0.154688, SAT, x = -13 y = -7 z = 14 
/20220315-MathProblems/STC_0205.smt2, 0.110192, SAT, x = -19 y = -13 z = 21 
/20220315-MathProblems/STC_0206.smt2, 0.178767, SAT, x = -10 y = -5 z = 11 
/20220315-MathProblems/STC_0207.smt2, 0.030665, SAT, x = -29 y = 17 z = 27 
/20220315-MathProblems/STC_0208.smt2, 0.251251, SAT, x = -2 y = 0 z = 6 
/20220315-MathProblems/STC_0209.smt2, 0.080882, SAT, x = -23 y = 12 z = 22 
/20220315-MathProblems/STC_0210.smt2, 0.233206, SAT, x = -5 y = -2 z = 7 
/20220315-MathProblems/STC_0211.smt2, 180.000257, Not SAT
/20220315-MathProblems/STC_0212.smt2, 180.000269, Not SAT
/20220315-MathProblems/STC_0213.smt2, 180.000206, Not SAT
/20220315-MathProblems/STC_0214.smt2, 0.282873, SAT, x = -1 y = -1 z = 6 
/20220315-MathProblems/STC_0215.smt2, 0.245348, SAT, x = -4 y = -4 z = 7 
/20220315-MathProblems/STC_0216.smt2, 0.005975, SAT, x = -32 y = 6 z = 32 
/20220315-MathProblems/STC_0217.smt2, 0.218340, SAT, x = -8 y = 0 z = 9 
/20220315-MathProblems/STC_0218.smt2, 0.133617, SAT, x = -17 y = -12 z = 19 
/20220315-MathProblems/STC_0219.smt2, 0.243582, SAT, x = -5 y = 1 z = 7 
/20220315-MathProblems/STC_0220.smt2, 180.000253, Not SAT
/20220315-MathProblems/STC_0221.smt2, 180.000271, Not SAT
/20220315-MathProblems/STC_0222.smt2, 1.362397, SAT, x = -37 y = 20 z = 35 
/20220315-MathProblems/STC_0223.smt2, 0.058601, SAT, x = -25 y = -12 z = 26 
/20220315-MathProblems/STC_0224.smt2, 0.264040, SAT, x = 0 y = 2 z = 6 
/20220315-MathProblems/STC_0225.smt2, 0.194476, SAT, x = -8 y = 2 z = 9 
/20220315-MathProblems/STC_0226.smt2, 0.046077, SAT, x = -27 y = 21 z = 22 
/20220315-MathProblems/STC_0227.smt2, 180.000259, Not SAT
/20220315-MathProblems/STC_0228.smt2, 180.000307, Not SAT
/20220315-MathProblems/STC_0229.smt2, 180.000268, Not SAT
/20220315-MathProblems/STC_0230.smt2, 180.001213, Not SAT
/20220315-MathProblems/STC_0231.smt2, 180.001465, Not SAT
/20220315-MathProblems/STC_0232.smt2, 0.393076, SAT, x = -6 y = -4 z = 8 
/20220315-MathProblems/STC_0233.smt2, 0.023685, SAT, x = -31 y = -14 z = 32 
/20220315-MathProblems/STC_0234.smt2, 133.189037, SAT, x = -143 y = 113 z = 114 
/20220315-MathProblems/STC_0235.smt2, 0.286908, SAT, x = -2 y = 3 z = 6 
/20220315-MathProblems/STC_0236.smt2, 180.000261, Not SAT
/20220315-MathProblems/STC_0237.smt2, 180.000325, Not SAT
/20220315-MathProblems/STC_0238.smt2, 180.000281, Not SAT
/20220315-MathProblems/STC_0239.smt2, 180.000303, Not SAT
/20220315-MathProblems/STC_0240.smt2, 0.034786, SAT, x = -28 y = -13 z = 29 
/20220315-MathProblems/STC_0241.smt2, 0.180586, SAT, x = -10 y = 8 z = 9 
/20220315-MathProblems/STC_0242.smt2, 0.241513, SAT, x = -2 y = 5 z = 5 
/20220315-MathProblems/STC_0243.smt2, 0.257684, SAT, x = 0 y = 3 z = 6 
/20220315-MathProblems/STC_0244.smt2, 0.184787, SAT, x = -9 y = -3 z = 10 
/20220315-MathProblems/STC_0245.smt2, 0.222079, SAT, x = -5 y = 3 z = 7 
/20220315-MathProblems/STC_0246.smt2, 0.053671, SAT, x = -26 y = 13 z = 25 
/20220315-MathProblems/STC_0247.smt2, 180.000229, Not SAT
/20220315-MathProblems/STC_0248.smt2, 180.000291, Not SAT
/20220315-MathProblems/STC_0249.smt2, 0.248586, SAT, x = -1 y = 5 z = 5 
/20220315-MathProblems/STC_0250.smt2, 0.256511, SAT, x = 0 y = 5 z = 5 
/20220315-MathProblems/STC_0251.smt2, 0.108314, SAT, x = -19 y = 13 z = 17 
/20220315-MathProblems/STC_0252.smt2, 0.120168, SAT, x = -17 y = -16 z = 21 
/20220315-MathProblems/STC_0253.smt2, 0.161378, SAT, x = -12 y = -6 z = 13 
/20220315-MathProblems/STC_0254.smt2, 1.223497, SAT, x = -41 y = -17 z = 42 
/20220315-MathProblems/STC_0255.smt2, 180.000659, Not SAT
/20220315-MathProblems/STC_0256.smt2, 180.000284, Not SAT
/20220315-MathProblems/STC_0257.smt2, 180.000299, Not SAT
/20220315-MathProblems/STC_0258.smt2, 0.275112, SAT, x = 2 y = 5 z = 5 
/20220315-MathProblems/STC_0259.smt2, 0.183475, SAT, x = -9 y = -7 z = 11 
/20220315-MathProblems/STC_0260.smt2, 0.137176, SAT, x = -15 y = -13 z = 18 
/20220315-MathProblems/STC_0261.smt2, 0.097212, SAT, x = -20 y = -10 z = 21 
/20220315-MathProblems/STC_0262.smt2, 0.215676, SAT, x = -5 y = -5 z = 8 
/20220315-MathProblems/STC_0263.smt2, 0.184780, SAT, x = -9 y = -2 z = 10 
/20220315-MathProblems/STC_0264.smt2, 180.000268, Not SAT
/20220315-MathProblems/STC_0265.smt2, 180.000189, Not SAT
/20220315-MathProblems/STC_0266.smt2, 180.000268, Not SAT
/20220315-MathProblems/STC_0267.smt2, 0.174962, SAT, x = -10 y = -4 z = 11 
/20220315-MathProblems/STC_0268.smt2, 180.000302, Not SAT
/20220315-MathProblems/STC_0269.smt2, 0.205880, SAT, x = -6 y = -3 z = 8 
/20220315-MathProblems/STC_0270.smt2, 0.183641, SAT, x = -9 y = -9 z = 12 
/20220315-MathProblems/STC_0271.smt2, 0.185291, SAT, x = -9 y = 0 z = 10 
/20220315-MathProblems/STC_0272.smt2, 0.161804, SAT, x = -12 y = 10 z = 10 
/20220315-MathProblems/STC_0273.smt2, 180.000175, Not SAT
/20220315-MathProblems/STC_0274.smt2, 180.000293, Not SAT
/20220315-MathProblems/STC_0275.smt2, 180.000272, Not SAT
/20220315-MathProblems/STC_0276.smt2, 180.000173, Not SAT
/20220315-MathProblems/STC_0277.smt2, 0.265592, SAT, x = -4 y = 5 z = 6 
/20220315-MathProblems/STC_0278.smt2, 0.287609, SAT, x = -4 y = -1 z = 7 
/20220315-MathProblems/STC_0279.smt2, 0.201900, SAT, x = -16 y = 10 z = 15 
/20220315-MathProblems/STC_0280.smt2, 0.061595, SAT, x = -26 y = -16 z = 28 
/20220315-MathProblems/STC_0281.smt2, 0.273064, SAT, x = -8 y = 4 z = 9 
/20220315-MathProblems/STC_0282.smt2, 0.268299, SAT, x = -5 y = 4 z = 7 
/20220315-MathProblems/STC_0283.smt2, 180.000265, Not SAT
/20220315-MathProblems/STC_0284.smt2, 180.000210, Not SAT
/20220315-MathProblems/STC_0285.smt2, 180.000299, Not SAT
/20220315-MathProblems/STC_0286.smt2, 180.000300, Not SAT
/20220315-MathProblems/STC_0287.smt2, 0.126730, SAT, x = -18 y = 14 z = 15 
/20220315-MathProblems/STC_0288.smt2, 0.109322, SAT, x = -20 y = 15 z = 17 
/20220315-MathProblems/STC_0289.smt2, 0.250178, SAT, x = -3 y = -3 z = 7 
/20220315-MathProblems/STC_0290.smt2, 180.000305, Not SAT
/20220315-MathProblems/STC_0291.smt2, 180.000264, Not SAT
/20220315-MathProblems/STC_0292.smt2, 180.000351, Not SAT
/20220315-MathProblems/STC_0293.smt2, 180.000284, Not SAT
/20220315-MathProblems/STC_0294.smt2, 0.215141, SAT, x = -7 y = 5 z = 8 
/20220315-MathProblems/STC_0295.smt2, 0.208732, SAT, x = -9 y = 8 z = 8 
/20220315-MathProblems/STC_0296.smt2, 0.230609, SAT, x = -6 y = 0 z = 8 
/20220315-MathProblems/STC_0297.smt2, 0.228730, SAT, x = -6 y = -6 z = 9 
/20220315-MathProblems/STC_0298.smt2, 0.120503, SAT, x = -18 y = -9 z = 19 
/20220315-MathProblems/STC_0299.smt2, 180.000262, Not SAT
/20220315-MathProblems/STC_0300.smt2, 0.688372, SAT, x = -59 y = 34 z = 55 
/20220315-MathProblems/STC_0301.smt2, 180.000310, Not SAT
/20220315-MathProblems/STC_0302.smt2, 180.000253, Not SAT
/20220315-MathProblems/STC_0303.smt2, 1.338355, SAT, x = -49 y = 32 z = 44 
/20220315-MathProblems/STC_0304.smt2, 0.155653, SAT, x = -19 y = 11 z = 18 
/20220315-MathProblems/STC_0305.smt2, 0.162197, SAT, x = -16 y = -8 z = 17 
/20220315-MathProblems/STC_0306.smt2, 0.252820, SAT, x = -4 y = 3 z = 7 
/20220315-MathProblems/STC_0307.smt2, 0.032368, SAT, x = -29 y = 14 z = 28 
/20220315-MathProblems/STC_0308.smt2, 0.273919, SAT, x = -3 y = -2 z = 7 
/20220315-MathProblems/STC_0309.smt2, 2.384428, SAT, x = -32 y = -26 z = 37 
/20220315-MathProblems/STC_0310.smt2, 180.000307, Not SAT
/20220315-MathProblems/STC_0311.smt2, 180.000436, Not SAT
/20220315-MathProblems/STC_0312.smt2, 180.000252, Not SAT
/20220315-MathProblems/STC_0313.smt2, 1.354619, SAT, x = -36 y = -28 z = 41 
/20220315-MathProblems/STC_0314.smt2, 0.197428, SAT, x = -7 y = -7 z = 10 
/20220315-MathProblems/STC_0315.smt2, 0.086857, SAT, x = -21 y = -20 z = 26 
/20220315-MathProblems/STC_0316.smt2, 0.158792, SAT, x = -12 y = -11 z = 15 
/20220315-MathProblems/STC_0317.smt2, 0.228369, SAT, x = -3 y = 1 z = 7 
/20220315-MathProblems/STC_0318.smt2, 180.000206, Not SAT
/20220315-MathProblems/STC_0319.smt2, 180.000303, Not SAT
/20220315-MathProblems/STC_0320.smt2, 180.000283, Not SAT
/20220315-MathProblems/STC_0321.smt2, 180.000374, Not SAT
/20220315-MathProblems/STC_0322.smt2, 0.201034, SAT, x = -7 y = -4 z = 9 
/20220315-MathProblems/STC_0323.smt2, 0.177729, SAT, x = -10 y = -2 z = 11 
/20220315-MathProblems/STC_0324.smt2, 0.234041, SAT, x = -3 y = 2 z = 7 
/20220315-MathProblems/STC_0325.smt2, 13.834431, SAT, x = -59 y = -41 z = 65 
/20220315-MathProblems/STC_0326.smt2, 0.076184, SAT, x = -23 y = -11 z = 24 
/20220315-MathProblems/STC_0327.smt2, 0.240451, SAT, x = -2 y = -2 z = 7 
/20220315-MathProblems/STC_0328.smt2, 180.000286, Not SAT
/20220315-MathProblems/STC_0329.smt2, 180.000269, Not SAT
/20220315-MathProblems/STC_0330.smt2, 0.174369, SAT, x = -10 y = -1 z = 11 
/20220315-MathProblems/STC_0331.smt2, 0.150446, SAT, x = -13 y = -6 z = 14 
/20220315-MathProblems/STC_0332.smt2, 0.165541, SAT, x = -12 y = 9 z = 11 
/20220315-MathProblems/STC_0333.smt2, 0.190993, SAT, x = -11 y = -4 z = 12 
/20220315-MathProblems/STC_0334.smt2, 0.259891, SAT, x = -2 y = -1 z = 7 
/20220315-MathProblems/STC_0335.smt2, 0.190619, SAT, x = -9 y = 4 z = 10 
/20220315-MathProblems/STC_0336.smt2, 0.237355, SAT, x = -2 y = 1 z = 7 
/20220315-MathProblems/STC_0337.smt2, 180.000277, Not SAT
/20220315-MathProblems/STC_0338.smt2, 180.000290, Not SAT
/20220315-MathProblems/STC_0339.smt2, 0.184125, SAT, x = -10 y = 2 z = 11 
/20220315-MathProblems/STC_0340.smt2, 0.267544, SAT, x = -1 y = 5 z = 6 
/20220315-MathProblems/STC_0341.smt2, 0.102384, SAT, x = -22 y = 12 z = 21 
/20220315-MathProblems/STC_0342.smt2, 0.074480, SAT, x = -25 y = -24 z = 31 
/20220315-MathProblems/STC_0343.smt2, 0.006157, SAT, x = -32 y = 7 z = 32 
/20220315-MathProblems/STC_0344.smt2, 0.068750, SAT, x = -26 y = 16 z = 24 
/20220315-MathProblems/STC_0345.smt2, 0.325590, SAT, x = 1 y = 1 z = 7 
/20220315-MathProblems/STC_0346.smt2, 180.000303, Not SAT
/20220315-MathProblems/STC_0347.smt2, 180.000256, Not SAT
/20220315-MathProblems/STC_0348.smt2, 180.000305, Not SAT
/20220315-MathProblems/STC_0349.smt2, 0.274238, SAT, x = 2 y = 5 z = 6 
/20220315-MathProblems/STC_0350.smt2, 0.069814, SAT, x = -24 y = 17 z = 21 
/20220315-MathProblems/STC_0351.smt2, 0.255495, SAT, x = 0 y = 2 z = 7 
/20220315-MathProblems/STC_0352.smt2, 0.146228, SAT, x = -14 y = -10 z = 16 
/20220315-MathProblems/STC_0353.smt2, 180.000274, Not SAT
/20220315-MathProblems/STC_0354.smt2, 0.172575, SAT, x = -11 y = -8 z = 13 
/20220315-MathProblems/STC_0355.smt2, 180.000301, Not SAT
/20220315-MathProblems/STC_0356.smt2, 180.000266, Not SAT
/20220315-MathProblems/STC_0357.smt2, 180.000548, Not SAT
/20220315-MathProblems/STC_0358.smt2, 0.185148, SAT, x = -10 y = 3 z = 11 
/20220315-MathProblems/STC_0359.smt2, 0.204767, SAT, x = -7 y = -3 z = 9 
/20220315-MathProblems/STC_0360.smt2, 0.217109, SAT, x = -6 y = 4 z = 8 
/20220315-MathProblems/STC_0361.smt2, 8.774058, SAT, x = -95 y = -30 z = 96 
/20220315-MathProblems/STC_0362.smt2, 0.245825, SAT, x = -2 y = 3 z = 7 
/20220315-MathProblems/STC_0363.smt2, 0.195136, SAT, x = -8 y = -5 z = 10 
/20220315-MathProblems/STC_0364.smt2, 180.000294, Not SAT
/20220315-MathProblems/STC_0365.smt2, 180.000268, Not SAT
/20220315-MathProblems/STC_0366.smt2, 180.000353, Not SAT
/20220315-MathProblems/STC_0367.smt2, 180.000255, Not SAT
/20220315-MathProblems/STC_0368.smt2, 0.298575, SAT, x = -4 y = 6 z = 6 
/20220315-MathProblems/STC_0369.smt2, 0.143364, SAT, x = -15 y = 10 z = 14 
/20220315-MathProblems/STC_0370.smt2, 0.191054, SAT, x = -11 y = -3 z = 12 
/20220315-MathProblems/STC_0371.smt2, 0.289688, SAT, x = 1 y = 3 z = 7 
/20220315-MathProblems/STC_0372.smt2, 1.144483, SAT, x = -47 y = 19 z = 46 
/20220315-MathProblems/STC_0373.smt2, 180.000284, Not SAT
/20220315-MathProblems/STC_0374.smt2, 180.000292, Not SAT
/20220315-MathProblems/STC_0375.smt2, 0.064655, SAT, x = -25 y = 20 z = 20 
/20220315-MathProblems/STC_0376.smt2, 0.134626, SAT, x = -16 y = 12 z = 14 
/20220315-MathProblems/STC_0377.smt2, 0.068111, SAT, x = -24 y = -15 z = 26 
/20220315-MathProblems/STC_0378.smt2, 0.139217, SAT, x = -15 y = -7 z = 16 
/20220315-MathProblems/STC_0379.smt2, 0.026578, SAT, x = -29 y = -20 z = 32 
/20220315-MathProblems/STC_0380.smt2, 0.242828, SAT, x = -3 y = 4 z = 7 
/20220315-MathProblems/STC_0381.smt2, 0.757174, SAT, x = -59 y = 22 z = 58 
/20220315-MathProblems/STC_0382.smt2, 180.000293, Not SAT
/20220315-MathProblems/STC_0383.smt2, 180.000289, Not SAT
/20220315-MathProblems/STC_0384.smt2, 0.237066, SAT, x = -4 y = -4 z = 8 
/20220315-MathProblems/STC_0385.smt2, 0.182441, SAT, x = -10 y = -7 z = 12 
/20220315-MathProblems/STC_0386.smt2, 0.189914, SAT, x = -9 y = -6 z = 11 
/20220315-MathProblems/STC_0387.smt2, 0.091554, SAT, x = -21 y = -10 z = 22 
/20220315-MathProblems/STC_0388.smt2, 0.212547, SAT, x = -6 y = -5 z = 9 
/20220315-MathProblems/STC_0389.smt2, 0.173743, SAT, x = -11 y = -2 z = 12 
/20220315-MathProblems/STC_0390.smt2, 180.000192, Not SAT
/20220315-MathProblems/STC_0391.smt2, 180.000297, Not SAT
/20220315-MathProblems/STC_0392.smt2, 180.000299, Not SAT
/20220315-MathProblems/STC_0393.smt2, 7.862921, SAT, x = -103 y = 68 z = 92 
/20220315-MathProblems/STC_0394.smt2, 0.206473, SAT, x = -7 y = 2 z = 9 
/20220315-MathProblems/STC_0395.smt2, 0.107756, SAT, x = -19 y = -17 z = 23 
/20220315-MathProblems/STC_0396.smt2, 0.063597, SAT, x = -25 y = 13 z = 24 
/20220315-MathProblems/STC_0397.smt2, 0.177094, SAT, x = -11 y = 0 z = 12 
/20220315-MathProblems/STC_0398.smt2, 0.006605, SAT, x = -32 y = 15 z = 31 
/20220315-MathProblems/STC_0399.smt2, 0.245402, SAT, x = -2 y = 4 z = 7 
/20220315-MathProblems/STC_0400.smt2, 180.000391, Not SAT
/20220315-MathProblems/STC_0401.smt2, 180.000282, Not SAT
/20220315-MathProblems/STC_0402.smt2, 180.000288, Not SAT
/20220315-MathProblems/STC_0403.smt2, 87.776504, SAT, x = -156 y = -85 z = 164 
/20220315-MathProblems/STC_0404.smt2, 0.230199, SAT, x = -4 y = 5 z = 7 
/20220315-MathProblems/STC_0405.smt2, 0.127454, SAT, x = -16 y = -11 z = 18 
/20220315-MathProblems/STC_0406.smt2, 0.244809, SAT, x = -1 y = 4 z = 7 
/20220315-MathProblems/STC_0407.smt2, 0.121023, SAT, x = -17 y = -8 z = 18 
/20220315-MathProblems/STC_0408.smt2, 0.267997, SAT, x = 1 y = 4 z = 7 
/20220315-MathProblems/STC_0409.smt2, 180.000276, Not SAT
/20220315-MathProblems/STC_0410.smt2, 180.000252, Not SAT
/20220315-MathProblems/STC_0411.smt2, 1.077462, SAT, x = -46 y = 35 z = 38 
/20220315-MathProblems/STC_0412.smt2, 0.104370, SAT, x = -19 y = -9 z = 20 
/20220315-MathProblems/STC_0413.smt2, 0.167251, SAT, x = -11 y = -10 z = 14 
/20220315-MathProblems/STC_0414.smt2, 0.026498, SAT, x = -29 y = -13 z = 30 
/20220315-MathProblems/STC_0415.smt2, 0.144460, SAT, x = -14 y = -6 z = 15 
/20220315-MathProblems/STC_0416.smt2, 180.000285, Not SAT
/20220315-MathProblems/STC_0417.smt2, 180.000291, Not SAT
/20220315-MathProblems/STC_0418.smt2, 180.000295, Not SAT
/20220315-MathProblems/STC_0419.smt2, 180.000220, Not SAT
/20220315-MathProblems/STC_0420.smt2, 180.000262, Not SAT
/20220315-MathProblems/STC_0421.smt2, 0.207994, SAT, x = -6 y = 5 z = 8 
/20220315-MathProblems/STC_0422.smt2, 0.151520, SAT, x = -13 y = -5 z = 14 
/20220315-MathProblems/STC_0423.smt2, 0.053664, SAT, x = -26 y = 18 z = 23 
/20220315-MathProblems/STC_0424.smt2, 0.168475, SAT, x = -11 y = 3 z = 12 
/20220315-MathProblems/STC_0425.smt2, 1.482039, SAT, x = -32 y = -14 z = 33 
/20220315-MathProblems/STC_0426.smt2, 8.441099, SAT, x = -95 y = -38 z = 97 
/20220315-MathProblems/STC_0427.smt2, 180.000146, Not SAT
/20220315-MathProblems/STC_0428.smt2, 180.000269, Not SAT
/20220315-MathProblems/STC_0429.smt2, 180.000241, Not SAT
/20220315-MathProblems/STC_0430.smt2, 0.014488, SAT, x = -31 y = 18 z = 29 
/20220315-MathProblems/STC_0431.smt2, 0.244664, SAT, x = -1 y = 6 z = 6 
/20220315-MathProblems/STC_0432.smt2, 0.080960, SAT, x = -22 y = -14 z = 24 
/20220315-MathProblems/STC_0433.smt2, 0.007314, SAT, x = -32 y = 25 z = 26 
/20220315-MathProblems/STC_0434.smt2, 0.215134, SAT, x = -5 y = 6 z = 7 
/20220315-MathProblems/STC_0435.smt2, 180.000219, Not SAT
/20220315-MathProblems/STC_0436.smt2, 180.000251, Not SAT
/20220315-MathProblems/STC_0437.smt2, 180.000243, Not SAT
/20220315-MathProblems/STC_0438.smt2, 95.434115, SAT, x = -130 y = -37 z = 131 
/20220315-MathProblems/STC_0439.smt2, 180.000268, Not SAT
/20220315-MathProblems/STC_0440.smt2, 0.112608, SAT, x = -18 y = -12 z = 20 
/20220315-MathProblems/STC_0441.smt2, 0.142749, SAT, x = -14 y = -12 z = 17 
/20220315-MathProblems/STC_0442.smt2, 0.159772, SAT, x = -12 y = -3 z = 13 
/20220315-MathProblems/STC_0443.smt2, 10.539948, SAT, x = -77 y = -26 z = 78 
/20220315-MathProblems/STC_0444.smt2, 180.000268, Not SAT
/20220315-MathProblems/STC_0445.smt2, 180.000247, Not SAT
/20220315-MathProblems/STC_0446.smt2, 180.000282, Not SAT
/20220315-MathProblems/STC_0447.smt2, 0.219621, SAT, x = -4 y = -1 z = 8 
/20220315-MathProblems/STC_0448.smt2, 0.223465, SAT, x = -4 y = 0 z = 8 
/20220315-MathProblems/STC_0449.smt2, 0.150455, SAT, x = -13 y = -9 z = 15 
/20220315-MathProblems/STC_0450.smt2, 0.199933, SAT, x = -7 y = 4 z = 9 
/20220315-MathProblems/STC_0451.smt2, 0.095993, SAT, x = -20 y = -13 z = 22 
/20220315-MathProblems/STC_0452.smt2, 180.000251, Not SAT
/20220315-MathProblems/STC_0453.smt2, 0.151415, SAT, x = -14 y = 10 z = 13 
/20220315-MathProblems/STC_0454.smt2, 180.000307, Not SAT
/20220315-MathProblems/STC_0455.smt2, 180.000231, Not SAT
/20220315-MathProblems/STC_0456.smt2, 0.410543, SAT, x = -10 y = 5 z = 11 
/20220315-MathProblems/STC_0457.smt2, 12.359296, SAT, x = -70 y = -31 z = 72 
/20220315-MathProblems/STC_0458.smt2, 0.041129, SAT, x = -27 y = -19 z = 30 
/20220315-MathProblems/STC_0459.smt2, 0.279849, SAT, x = 3 y = 6 z = 6 
/20220315-MathProblems/STC_0460.smt2, 0.240405, SAT, x = -2 y = 5 z = 7 
/20220315-MathProblems/STC_0461.smt2, 0.114322, SAT, x = -18 y = 13 z = 16 
/20220315-MathProblems/STC_0462.smt2, 180.000287, Not SAT
/20220315-MathProblems/STC_0463.smt2, 180.000317, Not SAT
/20220315-MathProblems/STC_0464.smt2, 180.000298, Not SAT
/20220315-MathProblems/STC_0465.smt2, 0.154483, SAT, x = -13 y = 11 z = 11 
/20220315-MathProblems/STC_0466.smt2, 0.296124, SAT, x = 5 y = 5 z = 6 
/20220315-MathProblems/STC_0467.smt2, 0.090445, SAT, x = -21 y = -16 z = 24 
/20220315-MathProblems/STC_0468.smt2, 0.161236, SAT, x = -12 y = -1 z = 13 
/20220315-MathProblems/STC_0469.smt2, 0.081570, SAT, x = -23 y = 15 z = 21 
/20220315-MathProblems/STC_0470.smt2, 0.065906, SAT, x = -24 y = -11 z = 25 
/20220315-MathProblems/STC_0471.smt2, 0.292060, SAT, x = 4 y = 4 z = 7 
/20220315-MathProblems/STC_0472.smt2, 180.000279, Not SAT
/20220315-MathProblems/STC_0473.smt2, 180.000292, Not SAT
/20220315-MathProblems/STC_0474.smt2, 0.127167, SAT, x = -16 y = -7 z = 17 
/20220315-MathProblems/STC_0475.smt2, 0.037575, SAT, x = -28 y = 14 z = 27 
/20220315-MathProblems/STC_0476.smt2, 0.194738, SAT, x = -8 y = -7 z = 11 
/20220315-MathProblems/STC_0477.smt2, 0.160555, SAT, x = -12 y = 2 z = 13 
/20220315-MathProblems/STC_0478.smt2, 180.000304, Not SAT
/20220315-MathProblems/STC_0479.smt2, 0.222857, SAT, x = -5 y = -5 z = 9 
/20220315-MathProblems/STC_0480.smt2, 0.200225, SAT, x = -8 y = -2 z = 10 
/20220315-MathProblems/STC_0481.smt2, 180.000311, Not SAT
/20220315-MathProblems/STC_0482.smt2, 180.000297, Not SAT
/20220315-MathProblems/STC_0483.smt2, 0.149276, SAT, x = -13 y = -4 z = 14 
/20220315-MathProblems/STC_0484.smt2, 0.045716, SAT, x = -27 y = 20 z = 23 
/20220315-MathProblems/STC_0485.smt2, 0.227651, SAT, x = -3 y = 0 z = 8 
/20220315-MathProblems/STC_0486.smt2, 0.202035, SAT, x = -6 y = -3 z = 9 
/20220315-MathProblems/STC_0487.smt2, 0.178823, SAT, x = -9 y = -8 z = 12 
/20220315-MathProblems/STC_0488.smt2, 0.188722, SAT, x = -8 y = 0 z = 10 
/20220315-MathProblems/STC_0489.smt2, 0.025561, SAT, x = -29 y = -17 z = 31 
/20220315-MathProblems/STC_0490.smt2, 180.000291, Not SAT
/20220315-MathProblems/STC_0491.smt2, 180.000173, Not SAT
/20220315-MathProblems/STC_0492.smt2, 0.994937, SAT, x = -49 y = -19 z = 50 
/20220315-MathProblems/STC_0493.smt2, 0.227570, SAT, x = -3 y = 2 z = 8 
/20220315-MathProblems/STC_0494.smt2, 180.000375, Not SAT
/20220315-MathProblems/STC_0495.smt2, 0.056371, SAT, x = -25 y = -18 z = 28 
/20220315-MathProblems/STC_0496.smt2, 0.071684, SAT, x = -23 y = -17 z = 26 
/20220315-MathProblems/STC_0497.smt2, 0.030326, SAT, x = -29 y = 21 z = 25 
/20220315-MathProblems/STC_0498.smt2, 180.000334, Not SAT
/20220315-MathProblems/STC_0499.smt2, 180.000334, Not SAT
/20220315-MathProblems/STC_0500.smt2, 180.000327, Not SAT
/20220315-MathProblems/STC_0501.smt2, 180.000275, Not SAT
/20220315-MathProblems/STC_0502.smt2, 77.919610, SAT, x = -163 y = -126 z = 185 
/20220315-MathProblems/STC_0503.smt2, 0.109914, SAT, x = -18 y = -18 z = 23 
/20220315-MathProblems/STC_0504.smt2, 0.155902, SAT, x = -12 y = -8 z = 14 
/20220315-MathProblems/STC_0505.smt2, 0.134305, SAT, x = -15 y = -6 z = 16 
/20220315-MathProblems/STC_0506.smt2, 0.141604, SAT, x = -14 y = -5 z = 15 
/20220315-MathProblems/STC_0507.smt2, 180.000282, Not SAT
/20220315-MathProblems/STC_0508.smt2, 180.000283, Not SAT
/20220315-MathProblems/STC_0509.smt2, 180.000289, Not SAT
/20220315-MathProblems/STC_0510.smt2, 0.240481, SAT, x = -1 y = -1 z = 8 
/20220315-MathProblems/STC_0511.smt2, 0.196385, SAT, x = -7 y = 5 z = 9 
/20220315-MathProblems/STC_0512.smt2, 0.005275, SAT, x = -32 y = 8 z = 32 
/20220315-MathProblems/STC_0513.smt2, 0.201891, SAT, x = -6 y = 0 z = 9 
/20220315-MathProblems/STC_0514.smt2, 0.120601, SAT, x = -17 y = 11 z = 16 
/20220315-MathProblems/STC_0515.smt2, 0.110624, SAT, x = -18 y = -8 z = 19 
/20220315-MathProblems/STC_0516.smt2, 180.000360, Not SAT
/20220315-MathProblems/STC_0517.smt2, 180.000560, Not SAT
/20220315-MathProblems/STC_0518.smt2, 180.000364, Not SAT
/20220315-MathProblems/STC_0519.smt2, 0.080119, SAT, x = -22 y = -10 z = 23 
/20220315-MathProblems/STC_0520.smt2, 0.149996, SAT, x = -13 y = -3 z = 14 
/20220315-MathProblems/STC_0521.smt2, 0.202523, SAT, x = -6 y = 2 z = 9 
/20220315-MathProblems/STC_0522.smt2, 0.165829, SAT, x = -11 y = 5 z = 12 
/20220315-MathProblems/STC_0523.smt2, 0.163470, SAT, x = -11 y = -7 z = 13 
/20220315-MathProblems/STC_0524.smt2, 0.071289, SAT, x = -23 y = -21 z = 28 
/20220315-MathProblems/STC_0525.smt2, 1.373288, SAT, x = -35 y = 16 z = 34 
/20220315-MathProblems/STC_0526.smt2, 180.000278, Not SAT
/20220315-MathProblems/STC_0527.smt2, 180.000284, Not SAT
/20220315-MathProblems/STC_0528.smt2, 0.262802, SAT, x = 2 y = 2 z = 8 
/20220315-MathProblems/STC_0529.smt2, 0.124676, SAT, x = -16 y = -15 z = 20 
/20220315-MathProblems/STC_0530.smt2, 180.000251, Not SAT
/20220315-MathProblems/STC_0531.smt2, 0.150200, SAT, x = -13 y = 10 z = 12 
/20220315-MathProblems/STC_0532.smt2, 0.043291, SAT, x = -28 y = 19 z = 25 
/20220315-MathProblems/STC_0533.smt2, 0.176177, SAT, x = -12 y = 4 z = 13 
/20220315-MathProblems/STC_0534.smt2, 180.000314, Not SAT
/20220315-MathProblems/STC_0535.smt2, 180.000337, Not SAT
/20220315-MathProblems/STC_0536.smt2, 180.000277, Not SAT
/20220315-MathProblems/STC_0537.smt2, 0.037693, SAT, x = -28 y = 17 z = 26 
/20220315-MathProblems/STC_0538.smt2, 0.134054, SAT, x = -15 y = -10 z = 17 
/20220315-MathProblems/STC_0539.smt2, 0.149315, SAT, x = -13 y = -2 z = 14 
/20220315-MathProblems/STC_0540.smt2, 0.014383, SAT, x = -31 y = 22 z = 27 
/20220315-MathProblems/STC_0541.smt2, 0.042429, SAT, x = -27 y = -12 z = 28 
/20220315-MathProblems/STC_0542.smt2, 180.000364, Not SAT
/20220315-MathProblems/STC_0543.smt2, 55.050040, SAT, x = -212 y = -116 z = 223 
/20220315-MathProblems/STC_0544.smt2, 180.000344, Not SAT
/20220315-MathProblems/STC_0545.smt2, 180.000345, Not SAT
/20220315-MathProblems/STC_0546.smt2, 0.150940, SAT, x = -13 y = -1 z = 14 
/20220315-MathProblems/STC_0547.smt2, 0.149460, SAT, x = -13 y = 0 z = 14 
/20220315-MathProblems/STC_0548.smt2, 0.149459, SAT, x = -13 y = 1 z = 14 
/20220315-MathProblems/STC_0549.smt2, 0.225804, SAT, x = -3 y = 4 z = 8 
/20220315-MathProblems/STC_0550.smt2, 0.134963, SAT, x = -15 y = 12 z = 13 
/20220315-MathProblems/STC_0551.smt2, 0.232567, SAT, x = -2 y = 6 z = 7 
/20220315-MathProblems/STC_0552.smt2, 0.189032, SAT, x = -8 y = 4 z = 10 
/20220315-MathProblems/STC_0553.smt2, 180.000342, Not SAT
/20220315-MathProblems/STC_0554.smt2, 180.000370, Not SAT
/20220315-MathProblems/STC_0555.smt2, 0.150508, SAT, x = -13 y = 2 z = 14 
/20220315-MathProblems/STC_0556.smt2, 180.000310, Not SAT
/20220315-MathProblems/STC_0557.smt2, 0.286441, SAT, x = 5 y = 6 z = 6 
/20220315-MathProblems/STC_0558.smt2, 0.240366, SAT, x = -1 y = 6 z = 7 
/20220315-MathProblems/STC_0559.smt2, 0.248386, SAT, x = 0 y = 6 z = 7 
/20220315-MathProblems/STC_0560.smt2, 0.187861, SAT, x = -8 y = 7 z = 9 
/20220315-MathProblems/STC_0561.smt2, 0.211639, SAT, x = -5 y = 7 z = 7 
/20220315-MathProblems/STC_0562.smt2, 180.000314, Not SAT
/20220315-MathProblems/STC_0563.smt2, 180.000311, Not SAT
/20220315-MathProblems/STC_0564.smt2, 180.000317, Not SAT
/20220315-MathProblems/STC_0565.smt2, 0.093722, SAT, x = -21 y = 17 z = 17 
/20220315-MathProblems/STC_0566.smt2, 0.126365, SAT, x = -16 y = -13 z = 19 
/20220315-MathProblems/STC_0567.smt2, 0.140943, SAT, x = -14 y = -4 z = 15 
/20220315-MathProblems/STC_0568.smt2, 0.148962, SAT, x = -13 y = -11 z = 16 
/20220315-MathProblems/STC_0569.smt2, 10.345302, SAT, x = -77 y = -33 z = 79 
/20220315-MathProblems/STC_0570.smt2, 180.000317, Not SAT
/20220315-MathProblems/STC_0571.smt2, 180.000344, Not SAT
/20220315-MathProblems/STC_0572.smt2, 180.000364, Not SAT
/20220315-MathProblems/STC_0573.smt2, 0.217450, SAT, x = -4 y = 5 z = 8 
/20220315-MathProblems/STC_0574.smt2, 0.151300, SAT, x = -13 y = 3 z = 14 
/20220315-MathProblems/STC_0575.smt2, 0.120490, SAT, x = -17 y = 14 z = 14 
/20220315-MathProblems/STC_0576.smt2, 0.099086, SAT, x = -20 y = 14 z = 18 
/20220315-MathProblems/STC_0577.smt2, 0.202907, SAT, x = -6 y = 4 z = 9 
/20220315-MathProblems/STC_0578.smt2, 52.139321, SAT, x = -219 y = 166 z = 181 
/20220315-MathProblems/STC_0579.smt2, 180.000369, Not SAT
/20220315-MathProblems/STC_0580.smt2, 180.000342, Not SAT
/20220315-MathProblems/STC_0581.smt2, 180.000441, Not SAT
/20220315-MathProblems/STC_0582.smt2, 10.779903, SAT, x = -73 y = -25 z = 74 
/20220315-MathProblems/STC_0583.smt2, 180.000286, Not SAT
/20220315-MathProblems/STC_0584.smt2, 0.013583, SAT, x = -31 y = 15 z = 30 
/20220315-MathProblems/STC_0585.smt2, 1.247296, SAT, x = -39 y = -16 z = 40 
/20220315-MathProblems/STC_0586.smt2, 0.270076, SAT, x = 3 y = 6 z = 7 
/20220315-MathProblems/STC_0587.smt2, 0.097501, SAT, x = -20 y = 12 z = 19 
/20220315-MathProblems/STC_0588.smt2, 180.000361, Not SAT
/20220315-MathProblems/STC_0589.smt2, 180.000320, Not SAT
/20220315-MathProblems/STC_0590.smt2, 180.000356, Not SAT
/20220315-MathProblems/STC_0591.smt2, 180.000345, Not SAT
/20220315-MathProblems/STC_0592.smt2, 67.374201, SAT, x = -186 y = 47 z = 185 
/20220315-MathProblems/STC_0593.smt2, 0.193588, SAT, x = -7 y = -4 z = 10 
/20220315-MathProblems/STC_0594.smt2, 0.018596, SAT, x = -30 y = -13 z = 31 
/20220315-MathProblems/STC_0595.smt2, 1.255958, SAT, x = -39 y = 21 z = 37 
/20220315-MathProblems/STC_0596.smt2, 0.132988, SAT, x = -15 y = -5 z = 16 
/20220315-MathProblems/STC_0597.smt2, 180.000367, Not SAT
/20220315-MathProblems/STC_0598.smt2, 180.000363, Not SAT
/20220315-MathProblems/STC_0599.smt2, 180.000338, Not SAT
/20220315-MathProblems/STC_0600.smt2, 180.000360, Not SAT
/20220315-MathProblems/STC_0601.smt2, 0.125349, SAT, x = -16 y = -6 z = 17 
/20220315-MathProblems/STC_0602.smt2, 0.180036, SAT, x = -9 y = 0 z = 11 
/20220315-MathProblems/STC_0603.smt2, 0.159643, SAT, x = -12 y = 10 z = 11 
/20220315-MathProblems/STC_0604.smt2, 0.141041, SAT, x = -14 y = -3 z = 15 
/20220315-MathProblems/STC_0605.smt2, 0.209528, SAT, x = -5 y = 1 z = 9 
/20220315-MathProblems/STC_0606.smt2, 180.000307, Not SAT
/20220315-MathProblems/STC_0607.smt2, 180.000291, Not SAT
/20220315-MathProblems/STC_0608.smt2, 180.000354, Not SAT
/20220315-MathProblems/STC_0609.smt2, 180.000302, Not SAT
/20220315-MathProblems/STC_0610.smt2, 0.041116, SAT, x = -27 y = -16 z = 29 
/20220315-MathProblems/STC_0611.smt2, 0.151643, SAT, x = -13 y = 4 z = 14 
/20220315-MathProblems/STC_0612.smt2, 0.105581, SAT, x = -19 y = 15 z = 16 
/20220315-MathProblems/STC_0613.smt2, 0.164852, SAT, x = -11 y = 6 z = 12 
/20220315-MathProblems/STC_0614.smt2, 0.180948, SAT, x = -9 y = 7 z = 10 
/20220315-MathProblems/STC_0615.smt2, 0.118841, SAT, x = -17 y = -11 z = 19 
/20220315-MathProblems/STC_0616.smt2, 180.000275, Not SAT
/20220315-MathProblems/STC_0617.smt2, 180.000346, Not SAT
/20220315-MathProblems/STC_0618.smt2, 180.000361, Not SAT
/20220315-MathProblems/STC_0619.smt2, 1.433998, SAT, x = -33 y = 23 z = 29 
/20220315-MathProblems/STC_0620.smt2, 0.057104, SAT, x = -25 y = -11 z = 26 
/20220315-MathProblems/STC_0621.smt2, 180.000362, Not SAT
/20220315-MathProblems/STC_0622.smt2, 0.217753, SAT, x = -4 y = 7 z = 7 
/20220315-MathProblems/STC_0623.smt2, 0.140109, SAT, x = -14 y = -9 z = 16 
/20220315-MathProblems/STC_0624.smt2, 6.539826, SAT, x = -110 y = 52 z = 106 
/20220315-MathProblems/STC_0625.smt2, 180.000335, Not SAT
/20220315-MathProblems/STC_0626.smt2, 180.000378, Not SAT
/20220315-MathProblems/STC_0627.smt2, 180.000356, Not SAT
/20220315-MathProblems/STC_0628.smt2, 180.000359, Not SAT
/20220315-MathProblems/STC_0629.smt2, 0.102528, SAT, x = -19 y = -8 z = 20 
/20220315-MathProblems/STC_0630.smt2, 0.141077, SAT, x = -14 y = -1 z = 15 
/20220315-MathProblems/STC_0631.smt2, 0.141212, SAT, x = -14 y = 0 z = 15 
/20220315-MathProblems/STC_0632.smt2, 0.142224, SAT, x = -14 y = 1 z = 15 
/20220315-MathProblems/STC_0633.smt2, 180.000341, Not SAT
/20220315-MathProblems/STC_0634.smt2, 180.000349, Not SAT
/20220315-MathProblems/STC_0635.smt2, 180.000360, Not SAT
/20220315-MathProblems/STC_0636.smt2, 0.239585, SAT, x = -1 y = 5 z = 8 
/20220315-MathProblems/STC_0637.smt2, 0.044757, SAT, x = -27 y = 14 z = 26 
/20220315-MathProblems/STC_0638.smt2, 0.060469, SAT, x = -25 y = 16 z = 23 
/20220315-MathProblems/STC_0639.smt2, 0.143135, SAT, x = -14 y = 2 z = 15 
/20220315-MathProblems/STC_0640.smt2, 0.155936, SAT, x = -12 y = -12 z = 16 
/20220315-MathProblems/STC_0641.smt2, 180.000368, Not SAT
/20220315-MathProblems/STC_0642.smt2, 180.000270, Not SAT
/20220315-MathProblems/STC_0643.smt2, 180.000349, Not SAT
/20220315-MathProblems/STC_0644.smt2, 180.000264, Not SAT
/20220315-MathProblems/STC_0645.smt2, 0.194965, SAT, x = -7 y = -7 z = 11 
/20220315-MathProblems/STC_0646.smt2, 72.384808, SAT, x = -175 y = -171 z = 218 
/20220315-MathProblems/STC_0647.smt2, 0.155482, SAT, x = -12 y = -10 z = 15 
/20220315-MathProblems/STC_0648.smt2, 0.022780, SAT, x = -30 y = 24 z = 24 
/20220315-MathProblems/STC_0649.smt2, 0.195989, SAT, x = -7 y = -2 z = 10 
/20220315-MathProblems/STC_0650.smt2, 0.163013, SAT, x = -11 y = -6 z = 13 
/20220315-MathProblems/STC_0651.smt2, 91.881640, SAT, x = -134 y = -77 z = 142 
/20220315-MathProblems/STC_0652.smt2, 180.000438, Not SAT
/20220315-MathProblems/STC_0653.smt2, 180.000347, Not SAT
/20220315-MathProblems/STC_0654.smt2, 10.797045, SAT, x = -73 y = -73 z = 92 
/20220315-MathProblems/STC_0655.smt2, 1.038328, SAT, x = -46 y = -18 z = 47 
/20220315-MathProblems/STC_0656.smt2, 0.078452, SAT, x = -22 y = -22 z = 28 
/20220315-MathProblems/STC_0657.smt2, 0.071305, SAT, x = -23 y = -19 z = 27 
/20220315-MathProblems/STC_0658.smt2, 0.089121, SAT, x = -21 y = -9 z = 22 
/20220315-MathProblems/STC_0659.smt2, 0.120285, SAT, x = -17 y = 13 z = 15 
/20220315-MathProblems/STC_0660.smt2, 180.000340, Not SAT
/20220315-MathProblems/STC_0661.smt2, 180.000317, Not SAT
/20220315-MathProblems/STC_0662.smt2, 180.000338, Not SAT
/20220315-MathProblems/STC_0663.smt2, 180.000378, Not SAT
/20220315-MathProblems/STC_0664.smt2, 0.170986, SAT, x = -10 y = -4 z = 12 
/20220315-MathProblems/STC_0665.smt2, 0.199397, SAT, x = -7 y = 2 z = 10 
/20220315-MathProblems/STC_0666.smt2, 0.159042, SAT, x = -13 y = -8 z = 15 
/20220315-MathProblems/STC_0667.smt2, 0.091368, SAT, x = -21 y = 16 z = 18 
/20220315-MathProblems/STC_0668.smt2, 0.209311, SAT, x = -5 y = 4 z = 9 
/20220315-MathProblems/STC_0669.smt2, 0.165112, SAT, x = -11 y = 10 z = 10 
/20220315-MathProblems/STC_0670.smt2, 180.000343, Not SAT
/20220315-MathProblems/STC_0671.smt2, 180.000364, Not SAT
/20220315-MathProblems/STC_0672.smt2, 0.150454, SAT, x = -13 y = 5 z = 14 
/20220315-MathProblems/STC_0673.smt2, 0.155460, SAT, x = -12 y = -7 z = 14 
/20220315-MathProblems/STC_0674.smt2, 0.102228, SAT, x = -19 y = -12 z = 21 
/20220315-MathProblems/STC_0675.smt2, 0.229692, SAT, x = -3 y = -3 z = 9 
/20220315-MathProblems/STC_0676.smt2, 62.056996, SAT, x = -197 y = -78 z = 201 
/20220315-MathProblems/STC_0677.smt2, 180.000302, Not SAT
/20220315-MathProblems/STC_0678.smt2, 0.075751, SAT, x = -23 y = 13 z = 22 
/20220315-MathProblems/STC_0679.smt2, 180.000625, Not SAT
/20220315-MathProblems/STC_0680.smt2, 180.000342, Not SAT
/20220315-MathProblems/STC_0681.smt2, 0.195443, SAT, x = -7 y = 8 z = 8 
/20220315-MathProblems/STC_0682.smt2, 180.000342, Not SAT
/20220315-MathProblems/STC_0683.smt2, 0.023011, SAT, x = -30 y = 20 z = 27 
/20220315-MathProblems/STC_0684.smt2, 0.112251, SAT, x = -18 y = -7 z = 19 
/20220315-MathProblems/STC_0685.smt2, 0.109627, SAT, x = -18 y = -14 z = 21 
/20220315-MathProblems/STC_0686.smt2, 0.247501, SAT, x = 0 y = 7 z = 7 
/20220315-MathProblems/STC_0687.smt2, 0.255584, SAT, x = 1 y = 7 z = 7 
/20220315-MathProblems/STC_0688.smt2, 180.000340, Not SAT
/20220315-MathProblems/STC_0689.smt2, 180.000310, Not SAT
/20220315-MathProblems/STC_0690.smt2, 78.139843, SAT, x = -163 y = -43 z = 164 
/20220315-MathProblems/STC_0691.smt2, 180.000351, Not SAT
/20220315-MathProblems/STC_0692.smt2, 0.126043, SAT, x = -16 y = -5 z = 17 
/20220315-MathProblems/STC_0693.smt2, 0.758315, SAT, x = -56 y = 44 z = 45 
/20220315-MathProblems/STC_0694.smt2, 0.133873, SAT, x = -15 y = -3 z = 16 
/20220315-MathProblems/STC_0695.smt2, 0.142602, SAT, x = -14 y = 4 z = 15 
/20220315-MathProblems/STC_0696.smt2, 180.000350, Not SAT
/20220315-MathProblems/STC_0697.smt2, 180.000305, Not SAT
/20220315-MathProblems/STC_0698.smt2, 180.000370, Not SAT
/20220315-MathProblems/STC_0699.smt2, 0.595240, SAT, x = -61 y = -22 z = 62 
/20220315-MathProblems/STC_0700.smt2, 0.135862, SAT, x = -15 y = 11 z = 14 
/20220315-MathProblems/STC_0701.smt2, 0.105161, SAT, x = -19 y = 12 z = 18 
/20220315-MathProblems/STC_0702.smt2, 0.227081, SAT, x = -3 y = 0 z = 9 
/20220315-MathProblems/STC_0703.smt2, 0.118286, SAT, x = -17 y = -6 z = 18 
/20220315-MathProblems/STC_0704.smt2, 0.186936, SAT, x = -8 y = -8 z = 12 
/20220315-MathProblems/STC_0705.smt2, 180.000270, Not SAT
/20220315-MathProblems/STC_0706.smt2, 180.000310, Not SAT
/20220315-MathProblems/STC_0707.smt2, 180.000304, Not SAT
/20220315-MathProblems/STC_0708.smt2, 180.000348, Not SAT
/20220315-MathProblems/STC_0709.smt2, 0.035129, SAT, x = -28 y = -12 z = 29 
/20220315-MathProblems/STC_0710.smt2, 0.227911, SAT, x = -3 y = 2 z = 9 
/20220315-MathProblems/STC_0711.smt2, 1.351659, SAT, x = -36 y = 26 z = 31 
/20220315-MathProblems/STC_0712.smt2, 0.142876, SAT, x = -14 y = 12 z = 12 
/20220315-MathProblems/STC_0713.smt2, 0.133507, SAT, x = -15 y = -2 z = 16 
/20220315-MathProblems/STC_0714.smt2, 0.072403, SAT, x = -23 y = -14 z = 25 
/20220315-MathProblems/STC_0715.smt2, 180.000334, Not SAT
/20220315-MathProblems/STC_0716.smt2, 180.000311, Not SAT
/20220315-MathProblems/STC_0717.smt2, 5.878596, SAT, x = -115 y = -34 z = 116 
/20220315-MathProblems/STC_0718.smt2, 180.000346, Not SAT
/20220315-MathProblems/STC_0719.smt2, 9.502645, SAT, x = -84 y = -81 z = 104 
/20220315-MathProblems/STC_0720.smt2, 0.109774, SAT, x = -18 y = -16 z = 22 
/20220315-MathProblems/STC_0721.smt2, 0.134471, SAT, x = -15 y = 0 z = 16 
/20220315-MathProblems/STC_0722.smt2, 0.133766, SAT, x = -15 y = 1 z = 16 
/20220315-MathProblems/STC_0723.smt2, 10.387136, SAT, x = -77 y = 58 z = 64 
/20220315-MathProblems/STC_0724.smt2, 180.000364, Not SAT
/20220315-MathProblems/STC_0725.smt2, 180.000362, Not SAT
/20220315-MathProblems/STC_0726.smt2, 180.000342, Not SAT
/20220315-MathProblems/STC_0727.smt2, 0.055693, SAT, x = -25 y = -22 z = 30 
/20220315-MathProblems/STC_0728.smt2, 0.171287, SAT, x = -10 y = 0 z = 12 
/20220315-MathProblems/STC_0729.smt2, 0.005394, SAT, x = -32 y = 9 z = 32 
/20220315-MathProblems/STC_0730.smt2, 0.211785, SAT, x = -5 y = 7 z = 8 
/20220315-MathProblems/STC_0731.smt2, 0.254373, SAT, x = 1 y = 1 z = 9 
/20220315-MathProblems/STC_0732.smt2, 180.000344, Not SAT
/20220315-MathProblems/STC_0733.smt2, 180.000347, Not SAT
/20220315-MathProblems/STC_0734.smt2, 180.000367, Not SAT
/20220315-MathProblems/STC_0735.smt2, 180.000304, Not SAT
/20220315-MathProblems/STC_0736.smt2, 0.131941, SAT, x = -16 y = -10 z = 18 
/20220315-MathProblems/STC_0737.smt2, 0.247053, SAT, x = 0 y = 2 z = 9 
/20220315-MathProblems/STC_0738.smt2, 0.254314, SAT, x = 1 y = 2 z = 9 
/20220315-MathProblems/STC_0739.smt2, 0.007045, SAT, x = -32 y = 24 z = 27 
/20220315-MathProblems/STC_0740.smt2, 0.132855, SAT, x = -15 y = -14 z = 19 
/20220315-MathProblems/STC_0741.smt2, 0.164500, SAT, x = -11 y = -5 z = 13 
/20220315-MathProblems/STC_0742.smt2, 180.000353, Not SAT
/20220315-MathProblems/STC_0743.smt2, 180.000352, Not SAT
/20220315-MathProblems/STC_0744.smt2, 0.170708, SAT, x = -10 y = -10 z = 14 
/20220315-MathProblems/STC_0745.smt2, 0.262408, SAT, x = 2 y = 2 z = 9 
/20220315-MathProblems/STC_0746.smt2, 0.080012, SAT, x = -23 y = 17 z = 20 
/20220315-MathProblems/STC_0747.smt2, 180.000342, Not SAT
/20220315-MathProblems/STC_0748.smt2, 0.134158, SAT, x = -15 y = 3 z = 16 
/20220315-MathProblems/STC_0749.smt2, 0.095921, SAT, x = -20 y = -8 z = 21 
/20220315-MathProblems/STC_0750.smt2, 0.208944, SAT, x = -5 y = -5 z = 10 
/20220315-MathProblems/STC_0751.smt2, 180.000340, Not SAT
/20220315-MathProblems/STC_0752.smt2, 180.000309, Not SAT
/20220315-MathProblems/STC_0753.smt2, 0.126041, SAT, x = -16 y = -4 z = 17 
/20220315-MathProblems/STC_0754.smt2, 180.000305, Not SAT
/20220315-MathProblems/STC_0755.smt2, 0.171567, SAT, x = -10 y = 3 z = 12 
/20220315-MathProblems/STC_0756.smt2, 0.145133, SAT, x = -14 y = 5 z = 15 
/20220315-MathProblems/STC_0757.smt2, 0.201582, SAT, x = -6 y = -3 z = 10 
/20220315-MathProblems/STC_0758.smt2, 180.000368, Not SAT
/20220315-MathProblems/STC_0759.smt2, 9.691039, SAT, x = -83 y = 43 z = 79 
/20220315-MathProblems/STC_0760.smt2, 180.000355, Not SAT
/20220315-MathProblems/STC_0761.smt2, 180.000340, Not SAT
/20220315-MathProblems/STC_0762.smt2, 0.285634, SAT, x = 5 y = 5 z = 8 
/20220315-MathProblems/STC_0763.smt2, 0.149866, SAT, x = -13 y = 6 z = 14 
/20220315-MathProblems/STC_0764.smt2, 0.023041, SAT, x = -30 y = 15 z = 29 
/20220315-MathProblems/STC_0765.smt2, 180.000298, Not SAT
/20220315-MathProblems/STC_0766.smt2, 0.094470, SAT, x = -20 y = -19 z = 25 
/20220315-MathProblems/STC_0767.smt2, 180.000344, Not SAT
/20220315-MathProblems/STC_0768.smt2, 1.109994, SAT, x = -44 y = 28 z = 40 
/20220315-MathProblems/STC_0769.smt2, 180.000340, Not SAT
/20220315-MathProblems/STC_0770.smt2, 180.000344, Not SAT
/20220315-MathProblems/STC_0771.smt2, 0.854905, SAT, x = -52 y = -40 z = 59 
/20220315-MathProblems/STC_0772.smt2, 0.194405, SAT, x = -7 y = -6 z = 11 
/20220315-MathProblems/STC_0773.smt2, 8.371776, SAT, x = -94 y = 30 z = 93 
/20220315-MathProblems/STC_0774.smt2, 0.523098, SAT, x = -64 y = 33 z = 61 
/20220315-MathProblems/STC_0775.smt2, 0.292407, SAT, x = 6 y = 6 z = 7 
/20220315-MathProblems/STC_0776.smt2, 0.049599, SAT, x = -26 y = -11 z = 27 
/20220315-MathProblems/STC_0777.smt2, 180.000340, Not SAT
/20220315-MathProblems/STC_0778.smt2, 180.000343, Not SAT
/20220315-MathProblems/STC_0779.smt2, 180.000310, Not SAT
/20220315-MathProblems/STC_0780.smt2, 0.010491, SAT, x = -31 y = -13 z = 32 
/20220315-MathProblems/STC_0781.smt2, 180.000343, Not SAT
/20220315-MathProblems/STC_0782.smt2, 0.195063, SAT, x = -7 y = 5 z = 10 
/20220315-MathProblems/STC_0783.smt2, 0.178496, SAT, x = -9 y = -6 z = 12 
/20220315-MathProblems/STC_0784.smt2, 0.021959, SAT, x = -30 y = 18 z = 28 
/20220315-MathProblems/STC_0785.smt2, 0.136366, SAT, x = -15 y = 4 z = 16 
/20220315-MathProblems/STC_0786.smt2, 180.000269, Not SAT
/20220315-MathProblems/STC_0787.smt2, 180.000347, Not SAT
/20220315-MathProblems/STC_0788.smt2, 180.000347, Not SAT
/20220315-MathProblems/STC_0789.smt2, 180.000342, Not SAT
/20220315-MathProblems/STC_0790.smt2, 0.080043, SAT, x = -22 y = -9 z = 23 
/20220315-MathProblems/STC_0791.smt2, 0.218821, SAT, x = -4 y = 7 z = 8 
/20220315-MathProblems/STC_0792.smt2, 0.022960, SAT, x = -30 y = 23 z = 25 
/20220315-MathProblems/STC_0793.smt2, 0.052582, SAT, x = -26 y = 14 z = 25 
/20220315-MathProblems/STC_0794.smt2, 0.120261, SAT, x = -17 y = -5 z = 18 
/20220315-MathProblems/STC_0795.smt2, 180.000347, Not SAT
/20220315-MathProblems/STC_0796.smt2, 180.000306, Not SAT
/20220315-MathProblems/STC_0797.smt2, 180.000368, Not SAT
/20220315-MathProblems/STC_0798.smt2, 0.102578, SAT, x = -19 y = -7 z = 20 
/20220315-MathProblems/STC_0799.smt2, 180.000361, Not SAT
/20220315-MathProblems/STC_0800.smt2, 0.156542, SAT, x = -12 y = -6 z = 14 
/20220315-MathProblems/STC_0801.smt2, 0.064641, SAT, x = -24 y = -10 z = 25 
/20220315-MathProblems/STC_0802.smt2, 0.163617, SAT, x = -11 y = -4 z = 13 
/20220315-MathProblems/STC_0803.smt2, 10.327685, SAT, x = -77 y = -72 z = 94 
/20220315-MathProblems/STC_0804.smt2, 180.000368, Not SAT
/20220315-MathProblems/STC_0805.smt2, 180.000286, Not SAT
/20220315-MathProblems/STC_0806.smt2, 180.000345, Not SAT
/20220315-MathProblems/STC_0807.smt2, 9.734809, SAT, x = -82 y = -73 z = 98 
/20220315-MathProblems/STC_0808.smt2, 0.203124, SAT, x = -6 y = 8 z = 8 
/20220315-MathProblems/STC_0809.smt2, 0.112231, SAT, x = -18 y = 12 z = 17 
/20220315-MathProblems/STC_0810.smt2, 0.082104, SAT, x = -22 y = 13 z = 21 
/20220315-MathProblems/STC_0811.smt2, 0.110842, SAT, x = -18 y = -6 z = 19 
/20220315-MathProblems/STC_0812.smt2, 0.157085, SAT, x = -12 y = 7 z = 13 
/20220315-MathProblems/STC_0813.smt2, 180.000307, Not SAT
/20220315-MathProblems/STC_0814.smt2, 180.000306, Not SAT
/20220315-MathProblems/STC_0815.smt2, 180.000366, Not SAT
/20220315-MathProblems/STC_0816.smt2, 0.126274, SAT, x = -16 y = -1 z = 17 
/20220315-MathProblems/STC_0817.smt2, 0.126416, SAT, x = -16 y = 0 z = 17 
/20220315-MathProblems/STC_0818.smt2, 0.126284, SAT, x = -16 y = 1 z = 17 
/20220315-MathProblems/STC_0819.smt2, 0.187006, SAT, x = -8 y = 0 z = 11 
/20220315-MathProblems/STC_0820.smt2, 0.187638, SAT, x = -8 y = 1 z = 11 
/20220315-MathProblems/STC_0821.smt2, 180.000346, Not SAT
/20220315-MathProblems/STC_0822.smt2, 0.117219, SAT, x = -17 y = -17 z = 22 
/20220315-MathProblems/STC_0823.smt2, 180.000373, Not SAT
/20220315-MathProblems/STC_0824.smt2, 180.000352, Not SAT
/20220315-MathProblems/STC_0825.smt2, 0.126848, SAT, x = -16 y = 2 z = 17 
/20220315-MathProblems/STC_0826.smt2, 180.000358, Not SAT
/20220315-MathProblems/STC_0827.smt2, 0.186627, SAT, x = -8 y = 2 z = 11 
/20220315-MathProblems/STC_0828.smt2, 0.225880, SAT, x = -3 y = 7 z = 8 
/20220315-MathProblems/STC_0829.smt2, 180.000343, Not SAT
/20220315-MathProblems/STC_0830.smt2, 180.000345, Not SAT
/20220315-MathProblems/STC_0831.smt2, 0.188713, SAT, x = -8 y = 7 z = 10 
/20220315-MathProblems/STC_0832.smt2, 180.000346, Not SAT
/20220315-MathProblems/STC_0833.smt2, 180.000344, Not SAT
/20220315-MathProblems/STC_0834.smt2, 180.000352, Not SAT
/20220315-MathProblems/STC_0835.smt2, 0.150289, SAT, x = -13 y = -7 z = 15 
/20220315-MathProblems/STC_0836.smt2, 180.000343, Not SAT
/20220315-MathProblems/STC_0837.smt2, 0.109982, SAT, x = -18 y = -11 z = 20 
/20220315-MathProblems/STC_0838.smt2, 0.140525, SAT, x = -14 y = -11 z = 17 
/20220315-MathProblems/STC_0839.smt2, 0.164015, SAT, x = -11 y = -3 z = 13 
/20220315-MathProblems/STC_0840.smt2, 0.141986, SAT, x = -14 y = -8 z = 16 
/20220315-MathProblems/STC_0841.smt2, 180.000361, Not SAT
/20220315-MathProblems/STC_0842.smt2, 180.000347, Not SAT
/20220315-MathProblems/STC_0843.smt2, 0.173803, SAT, x = -10 y = 8 z = 11 
/20220315-MathProblems/STC_0844.smt2, 0.127207, SAT, x = -16 y = 3 z = 17 
/20220315-MathProblems/STC_0845.smt2, 0.127705, SAT, x = -16 y = 13 z = 14 
/20220315-MathProblems/STC_0846.smt2, 0.134908, SAT, x = -15 y = 5 z = 16 
/20220315-MathProblems/STC_0847.smt2, 0.040631, SAT, x = -27 y = -21 z = 31 
/20220315-MathProblems/STC_0848.smt2, 0.202611, SAT, x = -6 y = 4 z = 10 
/20220315-MathProblems/STC_0849.smt2, 12.071187, SAT, x = -62 y = -47 z = 70 
/20220315-MathProblems/STC_0850.smt2, 180.000344, Not SAT
/20220315-MathProblems/STC_0851.smt2, 180.000344, Not SAT
/20220315-MathProblems/STC_0852.smt2, 72.633126, SAT, x = -175 y = 131 z = 146 
/20220315-MathProblems/STC_0853.smt2, 0.171720, SAT, x = -10 y = 5 z = 12 
/20220315-MathProblems/STC_0854.smt2, 0.171076, SAT, x = -10 y = -7 z = 13 
/20220315-MathProblems/STC_0855.smt2, 0.018051, SAT, x = -30 y = -17 z = 32 
/20220315-MathProblems/STC_0856.smt2, 0.206020, SAT, x = -6 y = 7 z = 9 
/20220315-MathProblems/STC_0857.smt2, 0.277978, SAT, x = 4 y = 4 z = 9 
/20220315-MathProblems/STC_0858.smt2, 0.164338, SAT, x = -11 y = -2 z = 13 
/20220315-MathProblems/STC_0859.smt2, 180.000307, Not SAT
/20220315-MathProblems/STC_0860.smt2, 180.000303, Not SAT
/20220315-MathProblems/STC_0861.smt2, 180.000303, Not SAT
/20220315-MathProblems/STC_0862.smt2, 0.150406, SAT, x = -13 y = 11 z = 12 
/20220315-MathProblems/STC_0863.smt2, 0.039185, SAT, x = -28 y = 22 z = 23 
/20220315-MathProblems/STC_0864.smt2, 89.982169, SAT, x = -138 y = 95 z = 121 
/20220315-MathProblems/STC_0865.smt2, 0.163801, SAT, x = -11 y = -1 z = 13 
/20220315-MathProblems/STC_0866.smt2, 0.168427, SAT, x = -11 y = 0 z = 13 
/20220315-MathProblems/STC_0867.smt2, 0.164351, SAT, x = -11 y = 1 z = 13 
/20220315-MathProblems/STC_0868.smt2, 180.000346, Not SAT
/20220315-MathProblems/STC_0869.smt2, 180.000306, Not SAT
/20220315-MathProblems/STC_0870.smt2, 180.000293, Not SAT
/20220315-MathProblems/STC_0871.smt2, 180.000367, Not SAT
/20220315-MathProblems/STC_0872.smt2, 0.216661, SAT, x = -4 y = -4 z = 10 
/20220315-MathProblems/STC_0873.smt2, 0.185744, SAT, x = -8 y = -7 z = 12 
/20220315-MathProblems/STC_0874.smt2, 0.164390, SAT, x = -11 y = 2 z = 13 
/20220315-MathProblems/STC_0875.smt2, 0.088347, SAT, x = -21 y = -8 z = 22 
/20220315-MathProblems/STC_0876.smt2, 0.210905, SAT, x = -5 y = 1 z = 10 
/20220315-MathProblems/STC_0877.smt2, 180.000308, Not SAT
/20220315-MathProblems/STC_0878.smt2, 180.000344, Not SAT
/20220315-MathProblems/STC_0879.smt2, 180.000361, Not SAT
/20220315-MathProblems/STC_0880.smt2, 180.000365, Not SAT
/20220315-MathProblems/STC_0881.smt2, 0.079251, SAT, x = -22 y = -16 z = 25 
/20220315-MathProblems/STC_0882.smt2, 0.006841, SAT, x = -32 y = 21 z = 29 
/20220315-MathProblems/STC_0883.smt2, 0.026558, SAT, x = -29 y = -12 z = 30 
/20220315-MathProblems/STC_0884.smt2, 180.000340, Not SAT
/20220315-MathProblems/STC_0885.smt2, 180.000339, Not SAT
/20220315-MathProblems/STC_0886.smt2, 180.000306, Not SAT
/20220315-MathProblems/STC_0887.smt2, 180.000302, Not SAT
/20220315-MathProblems/STC_0888.smt2, 1.031803, SAT, x = -46 y = -37 z = 53 
/20220315-MathProblems/STC_0889.smt2, 180.000345, Not SAT
/20220315-MathProblems/STC_0890.smt2, 0.117771, SAT, x = -17 y = -13 z = 20 
/20220315-MathProblems/STC_0891.smt2, 0.139615, SAT, x = -14 y = -13 z = 18 
/20220315-MathProblems/STC_0892.smt2, 0.118403, SAT, x = -17 y = -3 z = 18 
/20220315-MathProblems/STC_0893.smt2, 0.164642, SAT, x = -11 y = 3 z = 13 
/20220315-MathProblems/STC_0894.smt2, 180.000311, Not SAT
/20220315-MathProblems/STC_0895.smt2, 180.000338, Not SAT
/20220315-MathProblems/STC_0896.smt2, 180.000366, Not SAT
/20220315-MathProblems/STC_0897.smt2, 180.000338, Not SAT
/20220315-MathProblems/STC_0898.smt2, 0.195871, SAT, x = -7 y = 8 z = 9 
/20220315-MathProblems/STC_0899.smt2, 0.147815, SAT, x = -13 y = -10 z = 16 
/20220315-MathProblems/STC_0900.smt2, 1.542793, SAT, x = -29 y = -22 z = 33 
/20220315-MathProblems/STC_0901.smt2, 0.163136, SAT, x = -11 y = -8 z = 14 
/20220315-MathProblems/STC_0902.smt2, 0.110543, SAT, x = -18 y = -5 z = 19 
/20220315-MathProblems/STC_0903.smt2, 180.000356, Not SAT
/20220315-MathProblems/STC_0904.smt2, 180.000341, Not SAT
/20220315-MathProblems/STC_0905.smt2, 180.000366, Not SAT
/20220315-MathProblems/STC_0906.smt2, 180.000329, Not SAT
/20220315-MathProblems/STC_0907.smt2, 9.060193, SAT, x = -88 y = 48 z = 83 
/20220315-MathProblems/STC_0908.smt2, 180.000344, Not SAT
/20220315-MathProblems/STC_0909.smt2, 0.164741, SAT, x = -11 y = 8 z = 12 
/20220315-MathProblems/STC_0910.smt2, 1.536337, SAT, x = -29 y = -26 z = 35 
/20220315-MathProblems/STC_0911.smt2, 0.094014, SAT, x = -20 y = -17 z = 24 
/20220315-MathProblems/STC_0912.smt2, 180.000348, Not SAT
/20220315-MathProblems/STC_0913.smt2, 180.000344, Not SAT
/20220315-MathProblems/STC_0914.smt2, 180.000350, Not SAT
/20220315-MathProblems/STC_0915.smt2, 180.000359, Not SAT
/20220315-MathProblems/STC_0916.smt2, 1.318753, SAT, x = -37 y = 17 z = 36 
/20220315-MathProblems/STC_0917.smt2, 1.479576, SAT, x = -31 y = -23 z = 35 
/20220315-MathProblems/STC_0918.smt2, 0.040723, SAT, x = -27 y = -23 z = 32 
/20220315-MathProblems/STC_0919.smt2, 0.120946, SAT, x = -17 y = 0 z = 18 
/20220315-MathProblems/STC_0920.smt2, 0.067819, SAT, x = -24 y = 16 z = 22 
/20220315-MathProblems/STC_0921.smt2, 180.000347, Not SAT
/20220315-MathProblems/STC_0922.smt2, 180.000315, Not SAT
/20220315-MathProblems/STC_0923.smt2, 180.000309, Not SAT
/20220315-MathProblems/STC_0924.smt2, 0.193546, SAT, x = -7 y = -4 z = 11 
/20220315-MathProblems/STC_0925.smt2, 0.103448, SAT, x = -19 y = -6 z = 20 
/20220315-MathProblems/STC_0926.smt2, 180.000343, Not SAT
/20220315-MathProblems/STC_0927.smt2, 0.118985, SAT, x = -17 y = 2 z = 18 
/20220315-MathProblems/STC_0928.smt2, 0.072662, SAT, x = -23 y = -9 z = 24 
/20220315-MathProblems/STC_0929.smt2, 0.751908, SAT, x = -56 y = 33 z = 52 
/20220315-MathProblems/STC_0930.smt2, 0.165276, SAT, x = -11 y = 4 z = 13 
/20220315-MathProblems/STC_0931.smt2, 180.000345, Not SAT
/20220315-MathProblems/STC_0932.smt2, 180.000347, Not SAT
/20220315-MathProblems/STC_0933.smt2, 180.000364, Not SAT
/20220315-MathProblems/STC_0934.smt2, 0.157916, SAT, x = -12 y = 11 z = 11 
/20220315-MathProblems/STC_0935.smt2, 0.178272, SAT, x = -9 y = -4 z = 12 
/20220315-MathProblems/STC_0936.smt2, 0.090348, SAT, x = -21 y = 13 z = 20 
/20220315-MathProblems/STC_0937.smt2, 0.146100, SAT, x = -15 y = 6 z = 16 
/20220315-MathProblems/STC_0938.smt2, 0.029852, SAT, x = -29 y = 15 z = 28 
/20220315-MathProblems/STC_0939.smt2, 0.215995, SAT, x = -5 y = 4 z = 10 
/20220315-MathProblems/STC_0940.smt2, 180.000346, Not SAT
/20220315-MathProblems/STC_0941.smt2, 180.000289, Not SAT
/20220315-MathProblems/STC_0942.smt2, 0.127399, SAT, x = -16 y = 5 z = 17 
/20220315-MathProblems/STC_0943.smt2, 0.060219, SAT, x = -25 y = 14 z = 24 
/20220315-MathProblems/STC_0944.smt2, 0.176412, SAT, x = -10 y = 6 z = 12 
/20220315-MathProblems/STC_0945.smt2, 0.180844, SAT, x = -9 y = 7 z = 11 
/20220315-MathProblems/STC_0946.smt2, 0.053294, SAT, x = -26 y = 21 z = 21 
/20220315-MathProblems/STC_0947.smt2, 0.211787, SAT, x = -5 y = 7 z = 9 
/20220315-MathProblems/STC_0948.smt2, 180.000393, Not SAT
/20220315-MathProblems/STC_0949.smt2, 180.000344, Not SAT
/20220315-MathProblems/STC_0950.smt2, 180.000375, Not SAT
/20220315-MathProblems/STC_0951.smt2, 0.057178, SAT, x = -25 y = -10 z = 26 
/20220315-MathProblems/STC_0952.smt2, 0.033369, SAT, x = -28 y = -16 z = 30 
/20220315-MathProblems/STC_0953.smt2, 0.269766, SAT, x = 2 y = 6 z = 9 
/20220315-MathProblems/STC_0954.smt2, 1.183739, SAT, x = -42 y = 29 z = 37 
/20220315-MathProblems/STC_0955.smt2, 180.000312, Not SAT
/20220315-MathProblems/STC_0956.smt2, 0.178314, SAT, x = -9 y = -8 z = 13 
/20220315-MathProblems/STC_0957.smt2, 180.000336, Not SAT
/20220315-MathProblems/STC_0958.smt2, 180.000322, Not SAT
/20220315-MathProblems/STC_0959.smt2, 180.000238, Not SAT
/20220315-MathProblems/STC_0960.smt2, 0.218792, SAT, x = -4 y = 8 z = 8 
/20220315-MathProblems/STC_0961.smt2, 0.193610, SAT, x = -7 y = -3 z = 11 
/20220315-MathProblems/STC_0962.smt2, 0.151434, SAT, x = -13 y = -6 z = 15 
/20220315-MathProblems/STC_0963.smt2, 0.112048, SAT, x = -18 y = -4 z = 19 
/20220315-MathProblems/STC_0964.smt2, 180.000289, Not SAT
/20220315-MathProblems/STC_0965.smt2, 0.227601, SAT, x = -3 y = -2 z = 10 
/20220315-MathProblems/STC_0966.smt2, 180.000302, Not SAT
/20220315-MathProblems/STC_0967.smt2, 180.000306, Not SAT
/20220315-MathProblems/STC_0968.smt2, 180.000341, Not SAT
/20220315-MathProblems/STC_0969.smt2, 180.000348, Not SAT
/20220315-MathProblems/STC_0970.smt2, 1.125592, SAT, x = -43 y = -22 z = 45 
/20220315-MathProblems/STC_0971.smt2, 180.000341, Not SAT
/20220315-MathProblems/STC_0972.smt2, 0.179036, SAT, x = -9 y = -3 z = 12 
/20220315-MathProblems/STC_0973.smt2, 0.090716, SAT, x = -21 y = 15 z = 19 
/20220315-MathProblems/STC_0974.smt2, 0.142160, SAT, x = -14 y = 7 z = 15 
/20220315-MathProblems/STC_0975.smt2, 180.000370, Not SAT
/20220315-MathProblems/STC_0976.smt2, 180.000330, Not SAT
/20220315-MathProblems/STC_0977.smt2, 180.000349, Not SAT
/20220315-MathProblems/STC_0978.smt2, 180.000345, Not SAT
/20220315-MathProblems/STC_0979.smt2, 0.082033, SAT, x = -22 y = -13 z = 24 
/20220315-MathProblems/STC_0980.smt2, 0.033250, SAT, x = -28 y = -19 z = 31 
/20220315-MathProblems/STC_0981.smt2, 0.049948, SAT, x = -26 y = -18 z = 29 
/20220315-MathProblems/STC_0982.smt2, 180.000331, Not SAT
/20220315-MathProblems/STC_0983.smt2, 0.119074, SAT, x = -17 y = 4 z = 18 
/20220315-MathProblems/STC_0984.smt2, 0.231563, SAT, x = -2 y = -2 z = 10 
/20220315-MathProblems/STC_0985.smt2, 180.000315, Not SAT
/20220315-MathProblems/STC_0986.smt2, 180.000324, Not SAT
/20220315-MathProblems/STC_0987.smt2, 0.193774, SAT, x = -7 y = -1 z = 11 
/20220315-MathProblems/STC_0988.smt2, 0.147035, SAT, x = -13 y = -12 z = 17 
/20220315-MathProblems/STC_0989.smt2, 0.156033, SAT, x = -12 y = -3 z = 14 
/20220315-MathProblems/STC_0990.smt2, 0.201410, SAT, x = -6 y = -5 z = 11 
/20220315-MathProblems/STC_0991.smt2, 0.164719, SAT, x = -11 y = 5 z = 13 
/20220315-MathProblems/STC_0992.smt2, 0.232806, SAT, x = -2 y = 0 z = 10 
/20220315-MathProblems/STC_0993.smt2, 0.232106, SAT, x = -2 y = 1 z = 10 
/20220315-MathProblems/STC_0994.smt2, 180.000329, Not SAT
/20220315-MathProblems/STC_0995.smt2, 180.000364, Not SAT
/20220315-MathProblems/STC_0996.smt2, 0.194512, SAT, x = -7 y = 2 z = 11 
/20220315-MathProblems/STC_0997.smt2, 0.224505, SAT, x = -3 y = 8 z = 8 
/20220315-MathProblems/STC_0998.smt2, 0.179379, SAT, x = -9 y = -1 z = 12 
/20220315-MathProblems/STC_0999.smt2, 0.181093, SAT, x = -9 y = 0 z = 12 
/20220315-MathProblems/STC_1000.smt2, 0.005583, SAT, x = -32 y = 10 z = 32 
