Test name,Execution time,Result
STC_0001.smt2,21.429063300,sat
STC_0002.smt2,.260718400,sat
STC_0003.smt2,.232069900,sat
STC_0004.smt2,180.027487700,cvc5 interrupted by SIGTERM.
STC_0251.smt2,180.030956500,cvc5 interrupted by SIGTERM.
STC_0501.smt2,180.071351100,cvc5 interrupted by SIGTERM.
STC_0751.smt2,180.069864600,cvc5 interrupted by SIGTERM.
STC_0005.smt2,180.032514700,cvc5 interrupted by SIGTERM.
STC_0006.smt2,.053016100,sat
STC_0007.smt2,.149116400,sat
STC_0008.smt2,.099800300,sat
STC_0009.smt2,.821551300,sat
STC_0010.smt2,4.682775300,sat
STC_0252.smt2,180.033328400,cvc5 interrupted by SIGTERM.
STC_0502.smt2,180.060097700,cvc5 interrupted by SIGTERM.
STC_0752.smt2,180.105187100,cvc5 interrupted by SIGTERM.
STC_0011.smt2,180.032851000,cvc5 interrupted by SIGTERM.
STC_0253.smt2,180.034110500,cvc5 interrupted by SIGTERM.
STC_0503.smt2,180.038217500,cvc5 interrupted by SIGTERM.
STC_0753.smt2,180.045293400,cvc5 interrupted by SIGTERM.
STC_0504.smt2,19.759756100,sat
STC_0505.smt2,3.333757900,sat
STC_0012.smt2,180.038975300,cvc5 interrupted by SIGTERM.
STC_0254.smt2,180.034076100,cvc5 interrupted by SIGTERM.
STC_0754.smt2,180.042528600,cvc5 interrupted by SIGTERM.
STC_0506.smt2,180.035144000,cvc5 interrupted by SIGTERM.
STC_0755.smt2,65.446586300,sat
STC_0756.smt2,17.495810800,sat
STC_0013.smt2,180.040982700,cvc5 interrupted by SIGTERM.
STC_0255.smt2,180.037530700,cvc5 interrupted by SIGTERM.
STC_0507.smt2,180.033412100,cvc5 interrupted by SIGTERM.
STC_0757.smt2,180.032936500,cvc5 interrupted by SIGTERM.
STC_0014.smt2,180.034549900,cvc5 interrupted by SIGTERM.
STC_0256.smt2,180.030350900,cvc5 interrupted by SIGTERM.
STC_0508.smt2,180.035774400,cvc5 interrupted by SIGTERM.
STC_0758.smt2,180.034527300,cvc5 interrupted by SIGTERM.
STC_0015.smt2,180.033662100,cvc5 interrupted by SIGTERM.
STC_0257.smt2,180.034690100,cvc5 interrupted by SIGTERM.
STC_0016.smt2,22.089193500,sat
STC_0509.smt2,180.041492800,cvc5 interrupted by SIGTERM.
STC_0759.smt2,180.035751600,cvc5 interrupted by SIGTERM.
STC_0258.smt2,180.035902700,cvc5 interrupted by SIGTERM.
STC_0017.smt2,180.036218800,cvc5 interrupted by SIGTERM.
STC_0510.smt2,180.033716000,cvc5 interrupted by SIGTERM.
STC_0760.smt2,180.035065300,cvc5 interrupted by SIGTERM.
STC_0259.smt2,180.034589600,cvc5 interrupted by SIGTERM.
STC_0018.smt2,180.034705900,cvc5 interrupted by SIGTERM.
STC_0511.smt2,180.034736600,cvc5 interrupted by SIGTERM.
STC_0512.smt2,3.927032800,sat
STC_0761.smt2,180.036666700,cvc5 interrupted by SIGTERM.
STC_0019.smt2,155.583995300,sat
STC_0020.smt2,.132221400,sat
STC_0260.smt2,180.033037500,cvc5 interrupted by SIGTERM.
STC_0513.smt2,180.035344500,cvc5 interrupted by SIGTERM.
STC_0261.smt2,54.826559500,sat
STC_0762.smt2,180.035607600,cvc5 interrupted by SIGTERM.
STC_0021.smt2,180.038160600,cvc5 interrupted by SIGTERM.
STC_0514.smt2,180.033775400,cvc5 interrupted by SIGTERM.
STC_0262.smt2,180.038735800,cvc5 interrupted by SIGTERM.
STC_0763.smt2,180.034385400,cvc5 interrupted by SIGTERM.
STC_0515.smt2,109.397868200,sat
STC_0022.smt2,180.036564100,cvc5 interrupted by SIGTERM.
STC_0263.smt2,180.035061500,cvc5 interrupted by SIGTERM.
STC_0764.smt2,180.034511600,cvc5 interrupted by SIGTERM.
STC_0516.smt2,180.037392800,cvc5 interrupted by SIGTERM.
STC_0023.smt2,180.039733200,cvc5 interrupted by SIGTERM.
STC_0264.smt2,180.032924800,cvc5 interrupted by SIGTERM.
STC_0765.smt2,180.035120100,cvc5 interrupted by SIGTERM.
STC_0517.smt2,180.036678800,cvc5 interrupted by SIGTERM.
STC_0024.smt2,180.043784100,cvc5 interrupted by SIGTERM.
STC_0265.smt2,180.037136500,cvc5 interrupted by SIGTERM.
STC_0766.smt2,180.035158700,cvc5 interrupted by SIGTERM.
STC_0518.smt2,180.036711300,cvc5 interrupted by SIGTERM.
STC_0025.smt2,180.036909700,cvc5 interrupted by SIGTERM.
STC_0266.smt2,180.036355000,cvc5 interrupted by SIGTERM.
STC_0767.smt2,180.035739100,cvc5 interrupted by SIGTERM.
STC_0519.smt2,180.035250300,cvc5 interrupted by SIGTERM.
STC_0026.smt2,180.036613100,cvc5 interrupted by SIGTERM.
STC_0027.smt2,.618464600,sat
STC_0520.smt2,32.466232400,sat
STC_0267.smt2,180.034117800,cvc5 interrupted by SIGTERM.
STC_0768.smt2,180.033068600,cvc5 interrupted by SIGTERM.
STC_0028.smt2,180.036692700,cvc5 interrupted by SIGTERM.
STC_0029.smt2,.078179000,sat
STC_0521.smt2,180.035788800,cvc5 interrupted by SIGTERM.
STC_0268.smt2,180.033396000,cvc5 interrupted by SIGTERM.
STC_0769.smt2,180.033335600,cvc5 interrupted by SIGTERM.
STC_0030.smt2,180.036458500,cvc5 interrupted by SIGTERM.
STC_0522.smt2,180.037336300,cvc5 interrupted by SIGTERM.
STC_0269.smt2,180.034828200,cvc5 interrupted by SIGTERM.
STC_0270.smt2,6.860490200,sat
STC_0770.smt2,180.034905600,cvc5 interrupted by SIGTERM.
STC_0031.smt2,180.034236400,cvc5 interrupted by SIGTERM.
STC_0523.smt2,180.037164900,cvc5 interrupted by SIGTERM.
STC_0271.smt2,180.036690200,cvc5 interrupted by SIGTERM.
STC_0771.smt2,180.034777000,cvc5 interrupted by SIGTERM.
STC_0032.smt2,180.037502500,cvc5 interrupted by SIGTERM.
STC_0524.smt2,180.037810800,cvc5 interrupted by SIGTERM.
STC_0772.smt2,94.879388800,sat
STC_0272.smt2,180.031831100,cvc5 interrupted by SIGTERM.
STC_0033.smt2,180.036709500,cvc5 interrupted by SIGTERM.
STC_0034.smt2,.353050100,sat
STC_0525.smt2,180.037036100,cvc5 interrupted by SIGTERM.
STC_0773.smt2,180.035072000,cvc5 interrupted by SIGTERM.
STC_0273.smt2,180.037831300,cvc5 interrupted by SIGTERM.
STC_0035.smt2,180.038734800,cvc5 interrupted by SIGTERM.
STC_0036.smt2,1.122461100,sat
STC_0037.smt2,.190127000,sat
STC_0526.smt2,180.036806500,cvc5 interrupted by SIGTERM.
STC_0774.smt2,180.035259700,cvc5 interrupted by SIGTERM.
STC_0274.smt2,180.035801100,cvc5 interrupted by SIGTERM.
STC_0038.smt2,180.041342400,cvc5 interrupted by SIGTERM.
STC_0527.smt2,180.038024000,cvc5 interrupted by SIGTERM.
STC_0775.smt2,180.034250800,cvc5 interrupted by SIGTERM.
STC_0528.smt2,31.176600400,sat
STC_0275.smt2,180.036953200,cvc5 interrupted by SIGTERM.
STC_0039.smt2,180.036620400,cvc5 interrupted by SIGTERM.
STC_0776.smt2,180.036671800,cvc5 interrupted by SIGTERM.
STC_0529.smt2,180.036652900,cvc5 interrupted by SIGTERM.
STC_0276.smt2,180.034857900,cvc5 interrupted by SIGTERM.
STC_0040.smt2,180.036958500,cvc5 interrupted by SIGTERM.
STC_0777.smt2,180.038463200,cvc5 interrupted by SIGTERM.
STC_0530.smt2,180.035045500,cvc5 interrupted by SIGTERM.
STC_0277.smt2,180.034985800,cvc5 interrupted by SIGTERM.
STC_0041.smt2,180.037403000,cvc5 interrupted by SIGTERM.
STC_0778.smt2,180.035723900,cvc5 interrupted by SIGTERM.
STC_0531.smt2,180.035371300,cvc5 interrupted by SIGTERM.
STC_0278.smt2,180.036158000,cvc5 interrupted by SIGTERM.
STC_0279.smt2,10.886505100,sat
STC_0042.smt2,180.039757300,cvc5 interrupted by SIGTERM.
STC_0779.smt2,180.036065800,cvc5 interrupted by SIGTERM.
STC_0532.smt2,180.036439300,cvc5 interrupted by SIGTERM.
STC_0280.smt2,180.038143800,cvc5 interrupted by SIGTERM.
STC_0043.smt2,180.034910700,cvc5 interrupted by SIGTERM.
STC_0780.smt2,180.035245600,cvc5 interrupted by SIGTERM.
STC_0533.smt2,180.033606300,cvc5 interrupted by SIGTERM.
STC_0281.smt2,180.033925900,cvc5 interrupted by SIGTERM.
STC_0044.smt2,180.034782400,cvc5 interrupted by SIGTERM.
STC_0045.smt2,.689962300,sat
STC_0046.smt2,.373929500,sat
STC_0781.smt2,180.036657400,cvc5 interrupted by SIGTERM.
STC_0534.smt2,180.038433700,cvc5 interrupted by SIGTERM.
STC_0282.smt2,180.039120600,cvc5 interrupted by SIGTERM.
STC_0047.smt2,180.048079400,cvc5 interrupted by SIGTERM.
STC_0782.smt2,180.039481800,cvc5 interrupted by SIGTERM.
STC_0535.smt2,180.039725800,cvc5 interrupted by SIGTERM.
STC_0283.smt2,180.047269900,cvc5 interrupted by SIGTERM.
STC_0048.smt2,180.074452200,cvc5 interrupted by SIGTERM.
STC_0783.smt2,180.047434500,cvc5 interrupted by SIGTERM.
STC_0536.smt2,180.047717100,cvc5 interrupted by SIGTERM.
STC_0284.smt2,180.049547500,cvc5 interrupted by SIGTERM.
STC_0049.smt2,180.050104900,cvc5 interrupted by SIGTERM.
STC_0784.smt2,180.056513900,cvc5 interrupted by SIGTERM.
STC_0537.smt2,180.061283900,cvc5 interrupted by SIGTERM.
STC_0285.smt2,180.044006700,cvc5 interrupted by SIGTERM.
STC_0785.smt2,46.617793700,sat
STC_0050.smt2,180.046689800,cvc5 interrupted by SIGTERM.
STC_0538.smt2,180.045029000,cvc5 interrupted by SIGTERM.
STC_0286.smt2,180.045244500,cvc5 interrupted by SIGTERM.
STC_0539.smt2,32.442078400,sat
STC_0786.smt2,180.046968500,cvc5 interrupted by SIGTERM.
STC_0540.smt2,1.060557000,sat
STC_0051.smt2,180.053932800,cvc5 interrupted by SIGTERM.
STC_0287.smt2,180.061222200,cvc5 interrupted by SIGTERM.
STC_0787.smt2,180.050417100,cvc5 interrupted by SIGTERM.
STC_0541.smt2,180.045154700,cvc5 interrupted by SIGTERM.
STC_0288.smt2,66.914848200,sat
STC_0052.smt2,180.051007300,cvc5 interrupted by SIGTERM.
STC_0289.smt2,95.402656900,sat
STC_0788.smt2,180.054993400,cvc5 interrupted by SIGTERM.
STC_0542.smt2,180.043727200,cvc5 interrupted by SIGTERM.
STC_0053.smt2,180.046006700,cvc5 interrupted by SIGTERM.
STC_0290.smt2,180.058175500,cvc5 interrupted by SIGTERM.
STC_0789.smt2,180.052005500,cvc5 interrupted by SIGTERM.
STC_0543.smt2,180.061348100,cvc5 interrupted by SIGTERM.
STC_0054.smt2,180.073571600,cvc5 interrupted by SIGTERM.
STC_0055.smt2,1.231630800,sat
STC_0291.smt2,180.041800800,cvc5 interrupted by SIGTERM.
STC_0790.smt2,180.045082300,cvc5 interrupted by SIGTERM.
STC_0544.smt2,180.046006700,cvc5 interrupted by SIGTERM.
STC_0056.smt2,151.307719000,sat
STC_0057.smt2,3.579714100,sat
STC_0292.smt2,180.036897000,cvc5 interrupted by SIGTERM.
STC_0791.smt2,180.037546800,cvc5 interrupted by SIGTERM.
STC_0545.smt2,180.035346000,cvc5 interrupted by SIGTERM.
STC_0058.smt2,180.035887600,cvc5 interrupted by SIGTERM.
STC_0293.smt2,180.037804400,cvc5 interrupted by SIGTERM.
STC_0792.smt2,180.037109000,cvc5 interrupted by SIGTERM.
STC_0546.smt2,180.034651200,cvc5 interrupted by SIGTERM.
STC_0059.smt2,180.038157900,cvc5 interrupted by SIGTERM.
STC_0060.smt2,6.301367900,sat
STC_0061.smt2,3.802529900,sat
STC_0547.smt2,127.091874800,sat
STC_0294.smt2,180.035864800,cvc5 interrupted by SIGTERM.
STC_0793.smt2,180.036684600,cvc5 interrupted by SIGTERM.
STC_0062.smt2,180.042346900,cvc5 interrupted by SIGTERM.
STC_0548.smt2,180.037824100,cvc5 interrupted by SIGTERM.
STC_0295.smt2,180.035108700,cvc5 interrupted by SIGTERM.
STC_0794.smt2,180.035428700,cvc5 interrupted by SIGTERM.
STC_0063.smt2,180.044460000,cvc5 interrupted by SIGTERM.
STC_0549.smt2,180.034342000,cvc5 interrupted by SIGTERM.
STC_0296.smt2,180.075054400,cvc5 interrupted by SIGTERM.
STC_0064.smt2,88.604103200,sat
STC_0795.smt2,180.034519700,cvc5 interrupted by SIGTERM.
STC_0065.smt2,9.471392700,sat
STC_0550.smt2,180.034292200,cvc5 interrupted by SIGTERM.
STC_0297.smt2,180.037176800,cvc5 interrupted by SIGTERM.
STC_0298.smt2,1.692076500,sat
STC_0796.smt2,180.038032600,cvc5 interrupted by SIGTERM.
STC_0066.smt2,180.039749500,cvc5 interrupted by SIGTERM.
STC_0551.smt2,180.033602800,cvc5 interrupted by SIGTERM.
STC_0299.smt2,180.034175400,cvc5 interrupted by SIGTERM.
STC_0797.smt2,180.036441000,cvc5 interrupted by SIGTERM.
STC_0067.smt2,180.034793900,cvc5 interrupted by SIGTERM.
STC_0552.smt2,180.035334900,cvc5 interrupted by SIGTERM.
STC_0300.smt2,180.043096700,cvc5 interrupted by SIGTERM.
STC_0798.smt2,180.034012500,cvc5 interrupted by SIGTERM.
STC_0068.smt2,180.039102600,cvc5 interrupted by SIGTERM.
STC_0553.smt2,180.038847400,cvc5 interrupted by SIGTERM.
STC_0301.smt2,180.037665600,cvc5 interrupted by SIGTERM.
STC_0799.smt2,180.037440400,cvc5 interrupted by SIGTERM.
STC_0069.smt2,180.034949600,cvc5 interrupted by SIGTERM.
STC_0800.smt2,58.868960300,sat
STC_0554.smt2,180.036490200,cvc5 interrupted by SIGTERM.
STC_0302.smt2,180.039406100,cvc5 interrupted by SIGTERM.
STC_0070.smt2,180.044721000,cvc5 interrupted by SIGTERM.
STC_0071.smt2,46.154081000,sat
STC_0801.smt2,180.035376500,cvc5 interrupted by SIGTERM.
STC_0555.smt2,180.034324200,cvc5 interrupted by SIGTERM.
STC_0802.smt2,79.775546600,sat
STC_0303.smt2,180.037197900,cvc5 interrupted by SIGTERM.
STC_0072.smt2,180.036508800,cvc5 interrupted by SIGTERM.
STC_0073.smt2,1.484744800,sat
STC_0556.smt2,180.034082600,cvc5 interrupted by SIGTERM.
STC_0803.smt2,180.037933600,cvc5 interrupted by SIGTERM.
STC_0304.smt2,180.037019900,cvc5 interrupted by SIGTERM.
STC_0074.smt2,180.034825400,cvc5 interrupted by SIGTERM.
STC_0557.smt2,180.036248700,cvc5 interrupted by SIGTERM.
STC_0804.smt2,180.044928800,cvc5 interrupted by SIGTERM.
STC_0305.smt2,180.037287600,cvc5 interrupted by SIGTERM.
STC_0306.smt2,1.030568300,sat
STC_0558.smt2,39.976698000,sat
STC_0075.smt2,180.036467100,cvc5 interrupted by SIGTERM.
STC_0805.smt2,180.043416000,cvc5 interrupted by SIGTERM.
STC_0307.smt2,180.036741000,cvc5 interrupted by SIGTERM.
STC_0559.smt2,180.037641700,cvc5 interrupted by SIGTERM.
STC_0560.smt2,25.869067600,sat
STC_0076.smt2,180.036392200,cvc5 interrupted by SIGTERM.
STC_0308.smt2,118.784447900,sat
STC_0806.smt2,180.039830800,cvc5 interrupted by SIGTERM.
STC_0561.smt2,180.037169200,cvc5 interrupted by SIGTERM.
STC_0077.smt2,180.043321000,cvc5 interrupted by SIGTERM.
STC_0309.smt2,180.034736700,cvc5 interrupted by SIGTERM.
STC_0807.smt2,180.039743200,cvc5 interrupted by SIGTERM.
STC_0562.smt2,180.035563700,cvc5 interrupted by SIGTERM.
STC_0078.smt2,180.037421800,cvc5 interrupted by SIGTERM.
STC_0310.smt2,180.036206700,cvc5 interrupted by SIGTERM.
STC_0808.smt2,180.039640500,cvc5 interrupted by SIGTERM.
STC_0563.smt2,180.035043600,cvc5 interrupted by SIGTERM.
STC_0079.smt2,180.038339900,cvc5 interrupted by SIGTERM.
STC_0311.smt2,180.035741300,cvc5 interrupted by SIGTERM.
STC_0080.smt2,66.448006400,sat
STC_0809.smt2,180.038878500,cvc5 interrupted by SIGTERM.
STC_0564.smt2,180.035916100,cvc5 interrupted by SIGTERM.
STC_0312.smt2,180.040322600,cvc5 interrupted by SIGTERM.
STC_0081.smt2,180.036476600,cvc5 interrupted by SIGTERM.
STC_0810.smt2,180.038534800,cvc5 interrupted by SIGTERM.
STC_0565.smt2,180.036306700,cvc5 interrupted by SIGTERM.
STC_0313.smt2,180.036183500,cvc5 interrupted by SIGTERM.
STC_0314.smt2,11.816137200,sat
STC_0082.smt2,180.034990600,cvc5 interrupted by SIGTERM.
STC_0811.smt2,180.036407700,cvc5 interrupted by SIGTERM.
STC_0566.smt2,180.036131000,cvc5 interrupted by SIGTERM.
STC_0315.smt2,180.045421500,cvc5 interrupted by SIGTERM.
STC_0083.smt2,180.040835900,cvc5 interrupted by SIGTERM.
STC_0316.smt2,13.869606900,sat
STC_0812.smt2,180.039175600,cvc5 interrupted by SIGTERM.
STC_0567.smt2,180.036720600,cvc5 interrupted by SIGTERM.
STC_0084.smt2,180.040984700,cvc5 interrupted by SIGTERM.
STC_0317.smt2,180.034442200,cvc5 interrupted by SIGTERM.
STC_0813.smt2,180.041346100,cvc5 interrupted by SIGTERM.
STC_0568.smt2,180.036574900,cvc5 interrupted by SIGTERM.
STC_0085.smt2,180.038365400,cvc5 interrupted by SIGTERM.
STC_0318.smt2,180.040544100,cvc5 interrupted by SIGTERM.
STC_0814.smt2,180.035167300,cvc5 interrupted by SIGTERM.
STC_0569.smt2,180.033720600,cvc5 interrupted by SIGTERM.
STC_0086.smt2,180.039493100,cvc5 interrupted by SIGTERM.
STC_0319.smt2,180.033732200,cvc5 interrupted by SIGTERM.
STC_0815.smt2,180.035502600,cvc5 interrupted by SIGTERM.
STC_0570.smt2,180.034660600,cvc5 interrupted by SIGTERM.
STC_0087.smt2,180.033575500,cvc5 interrupted by SIGTERM.
STC_0088.smt2,.239656000,sat
STC_0320.smt2,180.036032500,cvc5 interrupted by SIGTERM.
STC_0816.smt2,180.037447900,cvc5 interrupted by SIGTERM.
STC_0817.smt2,5.032233900,sat
STC_0571.smt2,180.039555800,cvc5 interrupted by SIGTERM.
STC_0089.smt2,180.039235000,cvc5 interrupted by SIGTERM.
STC_0090.smt2,1.098131000,sat
STC_0091.smt2,.481403200,sat
STC_0321.smt2,180.035167500,cvc5 interrupted by SIGTERM.
STC_0818.smt2,180.036307500,cvc5 interrupted by SIGTERM.
STC_0572.smt2,180.036894500,cvc5 interrupted by SIGTERM.
STC_0819.smt2,87.213249400,sat
STC_0092.smt2,180.035886300,cvc5 interrupted by SIGTERM.
STC_0322.smt2,180.037188100,cvc5 interrupted by SIGTERM.
STC_0573.smt2,180.038855000,cvc5 interrupted by SIGTERM.
STC_0574.smt2,2.482031400,sat
STC_0323.smt2,99.556468400,sat
STC_0820.smt2,180.035176100,cvc5 interrupted by SIGTERM.
STC_0324.smt2,12.172130200,sat
STC_0093.smt2,180.033726900,cvc5 interrupted by SIGTERM.
STC_0575.smt2,180.038486100,cvc5 interrupted by SIGTERM.
STC_0821.smt2,180.032572800,cvc5 interrupted by SIGTERM.
STC_0325.smt2,180.034352200,cvc5 interrupted by SIGTERM.
STC_0094.smt2,180.035639400,cvc5 interrupted by SIGTERM.
STC_0576.smt2,114.620127500,sat
STC_0822.smt2,180.036267900,cvc5 interrupted by SIGTERM.
STC_0326.smt2,180.040495800,cvc5 interrupted by SIGTERM.
STC_0095.smt2,180.052845300,cvc5 interrupted by SIGTERM.
STC_0577.smt2,180.038142500,cvc5 interrupted by SIGTERM.
STC_0823.smt2,180.034444500,cvc5 interrupted by SIGTERM.
STC_0327.smt2,180.036066600,cvc5 interrupted by SIGTERM.
STC_0096.smt2,180.042751400,cvc5 interrupted by SIGTERM.
STC_0578.smt2,180.036253200,cvc5 interrupted by SIGTERM.
STC_0824.smt2,180.034916300,cvc5 interrupted by SIGTERM.
STC_0328.smt2,180.033635100,cvc5 interrupted by SIGTERM.
STC_0097.smt2,180.043840300,cvc5 interrupted by SIGTERM.
STC_0579.smt2,180.036061100,cvc5 interrupted by SIGTERM.
STC_0825.smt2,180.036689400,cvc5 interrupted by SIGTERM.
STC_0329.smt2,180.034180400,cvc5 interrupted by SIGTERM.
STC_0098.smt2,180.157577000,cvc5 interrupted by SIGTERM.
STC_0580.smt2,180.041862800,cvc5 interrupted by SIGTERM.
STC_0099.smt2,9.204861500,sat
STC_0826.smt2,180.033434000,cvc5 interrupted by SIGTERM.
STC_0330.smt2,180.036456600,cvc5 interrupted by SIGTERM.
STC_0581.smt2,180.050686800,cvc5 interrupted by SIGTERM.
STC_0100.smt2,180.043895800,cvc5 interrupted by SIGTERM.
STC_0827.smt2,180.038025500,cvc5 interrupted by SIGTERM.
STC_0331.smt2,180.037770400,cvc5 interrupted by SIGTERM.
STC_0582.smt2,180.036138000,cvc5 interrupted by SIGTERM.
STC_0101.smt2,180.045595300,cvc5 interrupted by SIGTERM.
STC_0332.smt2,89.205014900,sat
STC_0828.smt2,180.045883600,cvc5 interrupted by SIGTERM.
STC_0583.smt2,180.037215000,cvc5 interrupted by SIGTERM.
STC_0102.smt2,180.046611000,cvc5 interrupted by SIGTERM.
STC_0333.smt2,180.047368300,cvc5 interrupted by SIGTERM.
STC_0829.smt2,180.039514600,cvc5 interrupted by SIGTERM.
STC_0584.smt2,180.044465000,cvc5 interrupted by SIGTERM.
STC_0103.smt2,180.035606400,cvc5 interrupted by SIGTERM.
STC_0334.smt2,180.051447800,cvc5 interrupted by SIGTERM.
STC_0830.smt2,180.049070800,cvc5 interrupted by SIGTERM.
STC_0585.smt2,180.051027900,cvc5 interrupted by SIGTERM.
STC_0104.smt2,180.040462500,cvc5 interrupted by SIGTERM.
STC_0586.smt2,8.587361200,sat
STC_0335.smt2,180.049950700,cvc5 interrupted by SIGTERM.
STC_0831.smt2,180.048517600,cvc5 interrupted by SIGTERM.
STC_0105.smt2,97.450025200,sat
STC_0106.smt2,65.186539400,sat
STC_0587.smt2,180.045778100,cvc5 interrupted by SIGTERM.
STC_0336.smt2,180.050537500,cvc5 interrupted by SIGTERM.
STC_0832.smt2,180.036746400,cvc5 interrupted by SIGTERM.
STC_0107.smt2,180.052801900,cvc5 interrupted by SIGTERM.
STC_0588.smt2,180.054029800,cvc5 interrupted by SIGTERM.
STC_0337.smt2,180.055749700,cvc5 interrupted by SIGTERM.
STC_0833.smt2,180.041479400,cvc5 interrupted by SIGTERM.
STC_0108.smt2,180.049798600,cvc5 interrupted by SIGTERM.
STC_0589.smt2,180.047499900,cvc5 interrupted by SIGTERM.
STC_0338.smt2,180.051584700,cvc5 interrupted by SIGTERM.
STC_0834.smt2,180.047355500,cvc5 interrupted by SIGTERM.
STC_0109.smt2,180.043828200,cvc5 interrupted by SIGTERM.
STC_0590.smt2,180.036580900,cvc5 interrupted by SIGTERM.
STC_0339.smt2,180.043585900,cvc5 interrupted by SIGTERM.
STC_0835.smt2,180.052068700,cvc5 interrupted by SIGTERM.
STC_0110.smt2,180.037516300,cvc5 interrupted by SIGTERM.
STC_0591.smt2,180.036352800,cvc5 interrupted by SIGTERM.
STC_0340.smt2,180.035285400,cvc5 interrupted by SIGTERM.
STC_0341.smt2,24.507180700,sat
STC_0342.smt2,13.030206900,sat
STC_0836.smt2,180.038052300,cvc5 interrupted by SIGTERM.
STC_0343.smt2,90.413836200,sat
STC_0344.smt2,16.724198600,sat
STC_0111.smt2,180.035003700,cvc5 interrupted by SIGTERM.
STC_0592.smt2,180.036581100,cvc5 interrupted by SIGTERM.
STC_0345.smt2,48.584614200,sat
STC_0837.smt2,180.036756500,cvc5 interrupted by SIGTERM.
STC_0112.smt2,180.035201400,cvc5 interrupted by SIGTERM.
STC_0593.smt2,180.035479900,cvc5 interrupted by SIGTERM.
STC_0346.smt2,180.040692200,cvc5 interrupted by SIGTERM.
STC_0838.smt2,180.038077600,cvc5 interrupted by SIGTERM.
STC_0113.smt2,180.039085100,cvc5 interrupted by SIGTERM.
STC_0594.smt2,180.035212400,cvc5 interrupted by SIGTERM.
STC_0347.smt2,180.045479800,cvc5 interrupted by SIGTERM.
STC_0839.smt2,180.037535200,cvc5 interrupted by SIGTERM.
STC_0114.smt2,180.039832800,cvc5 interrupted by SIGTERM.
STC_0595.smt2,180.035755300,cvc5 interrupted by SIGTERM.
STC_0348.smt2,180.037118800,cvc5 interrupted by SIGTERM.
STC_0840.smt2,180.037562800,cvc5 interrupted by SIGTERM.
STC_0115.smt2,180.035801500,cvc5 interrupted by SIGTERM.
STC_0596.smt2,180.038547100,cvc5 interrupted by SIGTERM.
STC_0349.smt2,180.042452600,cvc5 interrupted by SIGTERM.
STC_0841.smt2,180.036125800,cvc5 interrupted by SIGTERM.
STC_0350.smt2,89.590952200,sat
STC_0351.smt2,12.878669200,sat
STC_0352.smt2,31.013532000,sat
STC_0116.smt2,180.036158100,cvc5 interrupted by SIGTERM.
STC_0597.smt2,180.037352800,cvc5 interrupted by SIGTERM.
STC_0842.smt2,180.036447200,cvc5 interrupted by SIGTERM.
STC_0353.smt2,180.035373200,cvc5 interrupted by SIGTERM.
STC_0117.smt2,180.038076100,cvc5 interrupted by SIGTERM.
STC_0118.smt2,.481077800,sat
STC_0598.smt2,180.036584000,cvc5 interrupted by SIGTERM.
STC_0843.smt2,180.036582400,cvc5 interrupted by SIGTERM.
STC_0119.smt2,121.535220700,sat
STC_0354.smt2,180.038323700,cvc5 interrupted by SIGTERM.
STC_0599.smt2,180.041533600,cvc5 interrupted by SIGTERM.
STC_0844.smt2,180.038350500,cvc5 interrupted by SIGTERM.
STC_0120.smt2,180.039474500,cvc5 interrupted by SIGTERM.
STC_0355.smt2,180.037360000,cvc5 interrupted by SIGTERM.
STC_0600.smt2,180.038383700,cvc5 interrupted by SIGTERM.
STC_0845.smt2,180.043588100,cvc5 interrupted by SIGTERM.
STC_0121.smt2,180.037469100,cvc5 interrupted by SIGTERM.
STC_0846.smt2,12.439867400,sat
STC_0356.smt2,180.034953000,cvc5 interrupted by SIGTERM.
STC_0601.smt2,180.032445200,cvc5 interrupted by SIGTERM.
STC_0122.smt2,180.037416400,cvc5 interrupted by SIGTERM.
STC_0123.smt2,4.307080100,sat
STC_0847.smt2,180.036011800,cvc5 interrupted by SIGTERM.
STC_0602.smt2,114.453595100,sat
STC_0124.smt2,41.321053700,sat
STC_0125.smt2,8.033044900,sat
STC_0357.smt2,180.035966400,cvc5 interrupted by SIGTERM.
STC_0358.smt2,1.625241400,sat
STC_0126.smt2,32.088046600,sat
STC_0848.smt2,180.035981200,cvc5 interrupted by SIGTERM.
STC_0603.smt2,180.042165100,cvc5 interrupted by SIGTERM.
STC_0359.smt2,180.037110400,cvc5 interrupted by SIGTERM.
STC_0127.smt2,180.035741200,cvc5 interrupted by SIGTERM.
STC_0128.smt2,27.737331200,sat
STC_0849.smt2,180.037616000,cvc5 interrupted by SIGTERM.
STC_0604.smt2,180.035520900,cvc5 interrupted by SIGTERM.
STC_0360.smt2,180.035527500,cvc5 interrupted by SIGTERM.
STC_0129.smt2,180.034668100,cvc5 interrupted by SIGTERM.
STC_0850.smt2,180.036456800,cvc5 interrupted by SIGTERM.
STC_0605.smt2,180.034801000,cvc5 interrupted by SIGTERM.
STC_0361.smt2,180.039368500,cvc5 interrupted by SIGTERM.
STC_0362.smt2,5.455224300,sat
STC_0130.smt2,180.035405900,cvc5 interrupted by SIGTERM.
STC_0851.smt2,180.035879100,cvc5 interrupted by SIGTERM.
STC_0606.smt2,180.035786100,cvc5 interrupted by SIGTERM.
STC_0363.smt2,180.035028300,cvc5 interrupted by SIGTERM.
STC_0131.smt2,180.043087800,cvc5 interrupted by SIGTERM.
STC_0852.smt2,180.035661800,cvc5 interrupted by SIGTERM.
STC_0607.smt2,180.039797800,cvc5 interrupted by SIGTERM.
STC_0364.smt2,180.039310000,cvc5 interrupted by SIGTERM.
STC_0132.smt2,180.038184500,cvc5 interrupted by SIGTERM.
STC_0853.smt2,180.036486400,cvc5 interrupted by SIGTERM.
STC_0608.smt2,180.038209000,cvc5 interrupted by SIGTERM.
STC_0365.smt2,180.035708500,cvc5 interrupted by SIGTERM.
STC_0133.smt2,180.037474600,cvc5 interrupted by SIGTERM.
STC_0854.smt2,180.036233100,cvc5 interrupted by SIGTERM.
STC_0609.smt2,180.036000100,cvc5 interrupted by SIGTERM.
STC_0610.smt2,24.875816800,sat
STC_0366.smt2,180.036113500,cvc5 interrupted by SIGTERM.
STC_0134.smt2,180.038468500,cvc5 interrupted by SIGTERM.
STC_0855.smt2,180.036444800,cvc5 interrupted by SIGTERM.
STC_0611.smt2,180.037989100,cvc5 interrupted by SIGTERM.
STC_0367.smt2,180.036681100,cvc5 interrupted by SIGTERM.
STC_0368.smt2,2.157740400,sat
STC_0135.smt2,180.042621900,cvc5 interrupted by SIGTERM.
STC_0856.smt2,180.040802600,cvc5 interrupted by SIGTERM.
STC_0612.smt2,180.038098600,cvc5 interrupted by SIGTERM.
STC_0369.smt2,180.037301400,cvc5 interrupted by SIGTERM.
STC_0370.smt2,2.021880400,sat
STC_0136.smt2,180.037764300,cvc5 interrupted by SIGTERM.
STC_0857.smt2,180.042266900,cvc5 interrupted by SIGTERM.
STC_0371.smt2,150.353300100,sat
STC_0613.smt2,180.036961700,cvc5 interrupted by SIGTERM.
STC_0137.smt2,180.039345100,cvc5 interrupted by SIGTERM.
STC_0858.smt2,180.035213300,cvc5 interrupted by SIGTERM.
STC_0372.smt2,180.038984000,cvc5 interrupted by SIGTERM.
STC_0614.smt2,180.041396900,cvc5 interrupted by SIGTERM.
STC_0138.smt2,180.043679800,cvc5 interrupted by SIGTERM.
STC_0859.smt2,180.036613700,cvc5 interrupted by SIGTERM.
STC_0373.smt2,180.039228600,cvc5 interrupted by SIGTERM.
STC_0615.smt2,180.037675900,cvc5 interrupted by SIGTERM.
STC_0139.smt2,180.035325800,cvc5 interrupted by SIGTERM.
STC_0860.smt2,180.036094800,cvc5 interrupted by SIGTERM.
STC_0374.smt2,180.035024600,cvc5 interrupted by SIGTERM.
STC_0616.smt2,180.037791700,cvc5 interrupted by SIGTERM.
STC_0140.smt2,180.034708800,cvc5 interrupted by SIGTERM.
STC_0861.smt2,180.036375100,cvc5 interrupted by SIGTERM.
STC_0375.smt2,180.036361200,cvc5 interrupted by SIGTERM.
STC_0617.smt2,180.037993200,cvc5 interrupted by SIGTERM.
STC_0141.smt2,180.038007100,cvc5 interrupted by SIGTERM.
STC_0862.smt2,180.040043100,cvc5 interrupted by SIGTERM.
STC_0376.smt2,180.035124900,cvc5 interrupted by SIGTERM.
STC_0618.smt2,180.045134600,cvc5 interrupted by SIGTERM.
STC_0142.smt2,180.033759600,cvc5 interrupted by SIGTERM.
STC_0863.smt2,180.037510100,cvc5 interrupted by SIGTERM.
STC_0377.smt2,180.036033700,cvc5 interrupted by SIGTERM.
STC_0619.smt2,180.036035000,cvc5 interrupted by SIGTERM.
STC_0378.smt2,4.697841800,sat
STC_0379.smt2,35.877594700,sat
STC_0143.smt2,180.035577300,cvc5 interrupted by SIGTERM.
STC_0144.smt2,1.194739300,sat
STC_0864.smt2,180.037732200,cvc5 interrupted by SIGTERM.
STC_0620.smt2,180.035944100,cvc5 interrupted by SIGTERM.
STC_0380.smt2,180.035188700,cvc5 interrupted by SIGTERM.
STC_0145.smt2,180.036899200,cvc5 interrupted by SIGTERM.
STC_0865.smt2,180.033562800,cvc5 interrupted by SIGTERM.
STC_0621.smt2,180.036843900,cvc5 interrupted by SIGTERM.
STC_0381.smt2,180.040839100,cvc5 interrupted by SIGTERM.
STC_0146.smt2,180.037226800,cvc5 interrupted by SIGTERM.
STC_0866.smt2,180.037715300,cvc5 interrupted by SIGTERM.
STC_0622.smt2,180.037184800,cvc5 interrupted by SIGTERM.
STC_0623.smt2,5.402366300,sat
STC_0382.smt2,180.037453500,cvc5 interrupted by SIGTERM.
STC_0147.smt2,180.036213700,cvc5 interrupted by SIGTERM.
STC_0867.smt2,180.036947600,cvc5 interrupted by SIGTERM.
STC_0624.smt2,180.036363900,cvc5 interrupted by SIGTERM.
STC_0383.smt2,180.036803000,cvc5 interrupted by SIGTERM.
STC_0148.smt2,180.035746900,cvc5 interrupted by SIGTERM.
STC_0868.smt2,180.037311200,cvc5 interrupted by SIGTERM.
STC_0625.smt2,180.036137400,cvc5 interrupted by SIGTERM.
STC_0384.smt2,180.034138600,cvc5 interrupted by SIGTERM.
STC_0149.smt2,180.032614400,cvc5 interrupted by SIGTERM.
STC_0869.smt2,180.036038000,cvc5 interrupted by SIGTERM.
STC_0626.smt2,180.036546600,cvc5 interrupted by SIGTERM.
STC_0385.smt2,180.037634700,cvc5 interrupted by SIGTERM.
STC_0386.smt2,23.437955600,sat
STC_0387.smt2,4.207245400,sat
STC_0150.smt2,180.039847800,cvc5 interrupted by SIGTERM.
STC_0388.smt2,25.045185000,sat
STC_0870.smt2,180.037132800,cvc5 interrupted by SIGTERM.
STC_0627.smt2,180.035189400,cvc5 interrupted by SIGTERM.
STC_0151.smt2,180.038285300,cvc5 interrupted by SIGTERM.
STC_0152.smt2,1.140302300,sat
STC_0153.smt2,2.599887200,sat
STC_0154.smt2,.508607000,sat
STC_0155.smt2,.636320200,sat
STC_0389.smt2,180.035350100,cvc5 interrupted by SIGTERM.
STC_0871.smt2,180.035555000,cvc5 interrupted by SIGTERM.
STC_0628.smt2,180.036569800,cvc5 interrupted by SIGTERM.
STC_0156.smt2,180.036256700,cvc5 interrupted by SIGTERM.
STC_0390.smt2,180.034863800,cvc5 interrupted by SIGTERM.
STC_0872.smt2,180.034541500,cvc5 interrupted by SIGTERM.
STC_0629.smt2,180.035757700,cvc5 interrupted by SIGTERM.
STC_0157.smt2,180.035730400,cvc5 interrupted by SIGTERM.
STC_0391.smt2,180.035201100,cvc5 interrupted by SIGTERM.
STC_0873.smt2,180.037630800,cvc5 interrupted by SIGTERM.
STC_0630.smt2,180.038650500,cvc5 interrupted by SIGTERM.
STC_0158.smt2,180.034531400,cvc5 interrupted by SIGTERM.
STC_0392.smt2,180.036850000,cvc5 interrupted by SIGTERM.
STC_0874.smt2,180.034575800,cvc5 interrupted by SIGTERM.
STC_0631.smt2,148.316492800,sat
STC_0875.smt2,32.992449100,sat
STC_0159.smt2,180.035443500,cvc5 interrupted by SIGTERM.
STC_0160.smt2,1.356620500,sat
STC_0393.smt2,180.036759600,cvc5 interrupted by SIGTERM.
STC_0632.smt2,180.035233100,cvc5 interrupted by SIGTERM.
STC_0876.smt2,180.036230000,cvc5 interrupted by SIGTERM.
STC_0161.smt2,180.035443500,cvc5 interrupted by SIGTERM.
STC_0394.smt2,180.037719300,cvc5 interrupted by SIGTERM.
STC_0162.smt2,11.298108200,sat
STC_0633.smt2,180.045699600,cvc5 interrupted by SIGTERM.
STC_0877.smt2,180.037163400,cvc5 interrupted by SIGTERM.
STC_0395.smt2,180.037897100,cvc5 interrupted by SIGTERM.
STC_0163.smt2,180.034424500,cvc5 interrupted by SIGTERM.
STC_0634.smt2,180.049641200,cvc5 interrupted by SIGTERM.
STC_0878.smt2,180.035051900,cvc5 interrupted by SIGTERM.
STC_0396.smt2,180.037917100,cvc5 interrupted by SIGTERM.
STC_0164.smt2,180.033473100,cvc5 interrupted by SIGTERM.
STC_0397.smt2,18.844226800,sat
STC_0398.smt2,14.989031500,sat
STC_0635.smt2,180.039924700,cvc5 interrupted by SIGTERM.
STC_0879.smt2,180.035820800,cvc5 interrupted by SIGTERM.
STC_0165.smt2,180.036573200,cvc5 interrupted by SIGTERM.
STC_0399.smt2,180.041793900,cvc5 interrupted by SIGTERM.
STC_0636.smt2,180.037136200,cvc5 interrupted by SIGTERM.
STC_0880.smt2,180.033917600,cvc5 interrupted by SIGTERM.
STC_0166.smt2,180.036501500,cvc5 interrupted by SIGTERM.
STC_0400.smt2,180.038363700,cvc5 interrupted by SIGTERM.
STC_0637.smt2,180.038933700,cvc5 interrupted by SIGTERM.
STC_0881.smt2,180.040962100,cvc5 interrupted by SIGTERM.
STC_0882.smt2,8.144114300,sat
STC_0638.smt2,34.691505900,sat
STC_0167.smt2,180.036013500,cvc5 interrupted by SIGTERM.
STC_0168.smt2,19.293529300,sat
STC_0401.smt2,180.036719600,cvc5 interrupted by SIGTERM.
STC_0169.smt2,29.484826900,sat
STC_0883.smt2,180.035896100,cvc5 interrupted by SIGTERM.
STC_0639.smt2,180.033232900,cvc5 interrupted by SIGTERM.
STC_0402.smt2,180.036572500,cvc5 interrupted by SIGTERM.
STC_0170.smt2,180.037615600,cvc5 interrupted by SIGTERM.
STC_0884.smt2,180.037474000,cvc5 interrupted by SIGTERM.
STC_0640.smt2,180.041443200,cvc5 interrupted by SIGTERM.
STC_0403.smt2,180.038286400,cvc5 interrupted by SIGTERM.
STC_0171.smt2,180.037989800,cvc5 interrupted by SIGTERM.
STC_0885.smt2,180.038386500,cvc5 interrupted by SIGTERM.
STC_0641.smt2,180.040468900,cvc5 interrupted by SIGTERM.
STC_0404.smt2,180.037181000,cvc5 interrupted by SIGTERM.
STC_0172.smt2,180.036126500,cvc5 interrupted by SIGTERM.
STC_0886.smt2,180.036683800,cvc5 interrupted by SIGTERM.
STC_0642.smt2,180.036457700,cvc5 interrupted by SIGTERM.
STC_0405.smt2,180.033793500,cvc5 interrupted by SIGTERM.
STC_0173.smt2,180.034767300,cvc5 interrupted by SIGTERM.
STC_0887.smt2,180.034556400,cvc5 interrupted by SIGTERM.
STC_0643.smt2,180.033030700,cvc5 interrupted by SIGTERM.
STC_0406.smt2,146.252722100,sat
STC_0174.smt2,180.037406200,cvc5 interrupted by SIGTERM.
STC_0407.smt2,57.804544500,sat
STC_0888.smt2,180.038924300,cvc5 interrupted by SIGTERM.
STC_0644.smt2,180.034943400,cvc5 interrupted by SIGTERM.
STC_0175.smt2,180.038352400,cvc5 interrupted by SIGTERM.
STC_0408.smt2,180.032061900,cvc5 interrupted by SIGTERM.
STC_0889.smt2,180.034004400,cvc5 interrupted by SIGTERM.
STC_0645.smt2,180.035119400,cvc5 interrupted by SIGTERM.
STC_0176.smt2,180.032878800,cvc5 interrupted by SIGTERM.
STC_0409.smt2,180.032678300,cvc5 interrupted by SIGTERM.
STC_0890.smt2,180.034484100,cvc5 interrupted by SIGTERM.
STC_0646.smt2,180.033489300,cvc5 interrupted by SIGTERM.
STC_0177.smt2,180.035570000,cvc5 interrupted by SIGTERM.
STC_0410.smt2,180.036736500,cvc5 interrupted by SIGTERM.
STC_0891.smt2,180.034866400,cvc5 interrupted by SIGTERM.
STC_0647.smt2,180.035896700,cvc5 interrupted by SIGTERM.
STC_0178.smt2,180.035114700,cvc5 interrupted by SIGTERM.
STC_0179.smt2,1.789000500,sat
STC_0411.smt2,180.037483100,cvc5 interrupted by SIGTERM.
STC_0892.smt2,180.032588900,cvc5 interrupted by SIGTERM.
STC_0648.smt2,180.036007700,cvc5 interrupted by SIGTERM.
STC_0893.smt2,2.345860400,sat
STC_0180.smt2,180.036856100,cvc5 interrupted by SIGTERM.
STC_0412.smt2,180.037098800,cvc5 interrupted by SIGTERM.
STC_0181.smt2,8.633188900,sat
STC_0649.smt2,180.040419600,cvc5 interrupted by SIGTERM.
STC_0894.smt2,180.041884400,cvc5 interrupted by SIGTERM.
STC_0413.smt2,53.835253700,sat
STC_0182.smt2,180.034724500,cvc5 interrupted by SIGTERM.
STC_0650.smt2,180.045490900,cvc5 interrupted by SIGTERM.
STC_0895.smt2,180.040629900,cvc5 interrupted by SIGTERM.
STC_0414.smt2,180.039675100,cvc5 interrupted by SIGTERM.
STC_0183.smt2,180.036992100,cvc5 interrupted by SIGTERM.
STC_0651.smt2,180.042774600,cvc5 interrupted by SIGTERM.
STC_0896.smt2,180.041020100,cvc5 interrupted by SIGTERM.
STC_0415.smt2,180.032349700,cvc5 interrupted by SIGTERM.
STC_0184.smt2,180.034401300,cvc5 interrupted by SIGTERM.
STC_0652.smt2,180.042382000,cvc5 interrupted by SIGTERM.
STC_0897.smt2,180.041913100,cvc5 interrupted by SIGTERM.
STC_0416.smt2,180.039437800,cvc5 interrupted by SIGTERM.
STC_0185.smt2,180.034930800,cvc5 interrupted by SIGTERM.
STC_0186.smt2,11.074107600,sat
STC_0653.smt2,180.037075300,cvc5 interrupted by SIGTERM.
STC_0898.smt2,180.040067100,cvc5 interrupted by SIGTERM.
STC_0417.smt2,180.036949700,cvc5 interrupted by SIGTERM.
STC_0187.smt2,180.036572300,cvc5 interrupted by SIGTERM.
STC_0188.smt2,16.436079300,sat
STC_0189.smt2,2.653237300,sat
STC_0654.smt2,180.036129000,cvc5 interrupted by SIGTERM.
STC_0899.smt2,180.043863000,cvc5 interrupted by SIGTERM.
STC_0418.smt2,180.035774600,cvc5 interrupted by SIGTERM.
STC_0190.smt2,180.047047600,cvc5 interrupted by SIGTERM.
STC_0655.smt2,180.034409600,cvc5 interrupted by SIGTERM.
STC_0900.smt2,180.037265100,cvc5 interrupted by SIGTERM.
STC_0419.smt2,180.038186500,cvc5 interrupted by SIGTERM.
STC_0191.smt2,180.035673900,cvc5 interrupted by SIGTERM.
STC_0656.smt2,180.034380900,cvc5 interrupted by SIGTERM.
STC_0901.smt2,180.040901500,cvc5 interrupted by SIGTERM.
STC_0902.smt2,1.248793300,sat
STC_0420.smt2,180.036247600,cvc5 interrupted by SIGTERM.
STC_0192.smt2,22.646372200,sat
STC_0421.smt2,38.700374700,sat
STC_0657.smt2,180.036048900,cvc5 interrupted by SIGTERM.
STC_0903.smt2,180.036947800,cvc5 interrupted by SIGTERM.
STC_0422.smt2,136.365314700,sat
STC_0193.smt2,180.036715700,cvc5 interrupted by SIGTERM.
STC_0658.smt2,180.033975400,cvc5 interrupted by SIGTERM.
STC_0904.smt2,180.033715500,cvc5 interrupted by SIGTERM.
STC_0423.smt2,180.035357700,cvc5 interrupted by SIGTERM.
STC_0194.smt2,180.040431800,cvc5 interrupted by SIGTERM.
STC_0659.smt2,180.032469900,cvc5 interrupted by SIGTERM.
STC_0905.smt2,180.033464100,cvc5 interrupted by SIGTERM.
STC_0424.smt2,180.033546200,cvc5 interrupted by SIGTERM.
STC_0195.smt2,180.037329300,cvc5 interrupted by SIGTERM.
STC_0196.smt2,.889643200,sat
STC_0197.smt2,1.520401500,sat
STC_0660.smt2,180.033229200,cvc5 interrupted by SIGTERM.
STC_0906.smt2,180.040366500,cvc5 interrupted by SIGTERM.
STC_0425.smt2,180.036015500,cvc5 interrupted by SIGTERM.
STC_0198.smt2,180.036644900,cvc5 interrupted by SIGTERM.
STC_0661.smt2,180.039166800,cvc5 interrupted by SIGTERM.
STC_0907.smt2,180.040365500,cvc5 interrupted by SIGTERM.
STC_0426.smt2,180.033784100,cvc5 interrupted by SIGTERM.
STC_0199.smt2,180.033597200,cvc5 interrupted by SIGTERM.
STC_0662.smt2,180.034330500,cvc5 interrupted by SIGTERM.
STC_0908.smt2,180.033487500,cvc5 interrupted by SIGTERM.
STC_0427.smt2,180.036396500,cvc5 interrupted by SIGTERM.
STC_0200.smt2,180.033635600,cvc5 interrupted by SIGTERM.
STC_0663.smt2,180.033706200,cvc5 interrupted by SIGTERM.
STC_0909.smt2,180.040497200,cvc5 interrupted by SIGTERM.
STC_0428.smt2,180.035648500,cvc5 interrupted by SIGTERM.
STC_0201.smt2,180.041131200,cvc5 interrupted by SIGTERM.
STC_0664.smt2,180.035544100,cvc5 interrupted by SIGTERM.
STC_0910.smt2,180.037000500,cvc5 interrupted by SIGTERM.
STC_0429.smt2,180.033745400,cvc5 interrupted by SIGTERM.
STC_0665.smt2,14.217531900,sat
STC_0202.smt2,180.035777100,cvc5 interrupted by SIGTERM.
STC_0911.smt2,180.039599900,cvc5 interrupted by SIGTERM.
STC_0430.smt2,180.037268400,cvc5 interrupted by SIGTERM.
STC_0666.smt2,180.035010900,cvc5 interrupted by SIGTERM.
STC_0203.smt2,180.036448700,cvc5 interrupted by SIGTERM.
STC_0912.smt2,180.041689800,cvc5 interrupted by SIGTERM.
STC_0431.smt2,180.037157000,cvc5 interrupted by SIGTERM.
STC_0667.smt2,180.034685700,cvc5 interrupted by SIGTERM.
STC_0204.smt2,180.034387500,cvc5 interrupted by SIGTERM.
STC_0913.smt2,180.035890500,cvc5 interrupted by SIGTERM.
STC_0432.smt2,180.040126000,cvc5 interrupted by SIGTERM.
STC_0668.smt2,180.033831300,cvc5 interrupted by SIGTERM.
STC_0205.smt2,180.034610100,cvc5 interrupted by SIGTERM.
STC_0206.smt2,22.690999800,sat
STC_0914.smt2,180.035330900,cvc5 interrupted by SIGTERM.
STC_0207.smt2,141.839479900,sat
STC_0433.smt2,180.038764400,cvc5 interrupted by SIGTERM.
STC_0669.smt2,180.033208500,cvc5 interrupted by SIGTERM.
STC_0434.smt2,7.718554900,sat
STC_0208.smt2,16.014740600,sat
STC_0209.smt2,12.600618100,sat
STC_0915.smt2,180.038845200,cvc5 interrupted by SIGTERM.
STC_0670.smt2,180.034689500,cvc5 interrupted by SIGTERM.
STC_0435.smt2,180.037260200,cvc5 interrupted by SIGTERM.
STC_0210.smt2,180.034350800,cvc5 interrupted by SIGTERM.
STC_0916.smt2,180.035261300,cvc5 interrupted by SIGTERM.
STC_0671.smt2,180.032688000,cvc5 interrupted by SIGTERM.
STC_0436.smt2,180.035723500,cvc5 interrupted by SIGTERM.
STC_0211.smt2,180.039627600,cvc5 interrupted by SIGTERM.
STC_0917.smt2,180.037050800,cvc5 interrupted by SIGTERM.
STC_0672.smt2,180.034561400,cvc5 interrupted by SIGTERM.
STC_0437.smt2,180.038403200,cvc5 interrupted by SIGTERM.
STC_0212.smt2,180.034968600,cvc5 interrupted by SIGTERM.
STC_0673.smt2,39.510037000,sat
STC_0918.smt2,128.976816000,sat
STC_0919.smt2,45.355211200,sat
STC_0438.smt2,180.033688900,cvc5 interrupted by SIGTERM.
STC_0213.smt2,180.034874400,cvc5 interrupted by SIGTERM.
STC_0674.smt2,180.035632200,cvc5 interrupted by SIGTERM.
STC_0920.smt2,180.038197500,cvc5 interrupted by SIGTERM.
STC_0439.smt2,180.033079500,cvc5 interrupted by SIGTERM.
STC_0214.smt2,180.035470300,cvc5 interrupted by SIGTERM.
STC_0215.smt2,9.743937300,sat
STC_0216.smt2,1.384734700,sat
STC_0675.smt2,180.038224400,cvc5 interrupted by SIGTERM.
STC_0217.smt2,123.009425100,sat
STC_0218.smt2,9.212116300,sat
STC_0921.smt2,180.034608400,cvc5 interrupted by SIGTERM.
STC_0440.smt2,180.034445200,cvc5 interrupted by SIGTERM.
STC_0676.smt2,180.034866600,cvc5 interrupted by SIGTERM.
STC_0219.smt2,180.035449500,cvc5 interrupted by SIGTERM.
STC_0922.smt2,180.034911000,cvc5 interrupted by SIGTERM.
STC_0441.smt2,180.031955700,cvc5 interrupted by SIGTERM.
STC_0677.smt2,180.034177600,cvc5 interrupted by SIGTERM.
STC_0220.smt2,180.036858200,cvc5 interrupted by SIGTERM.
STC_0923.smt2,180.038814700,cvc5 interrupted by SIGTERM.
STC_0442.smt2,180.036267200,cvc5 interrupted by SIGTERM.
STC_0678.smt2,180.034989100,cvc5 interrupted by SIGTERM.
STC_0221.smt2,180.036732500,cvc5 interrupted by SIGTERM.
STC_0924.smt2,180.035851300,cvc5 interrupted by SIGTERM.
STC_0443.smt2,180.034660800,cvc5 interrupted by SIGTERM.
STC_0679.smt2,180.035825400,cvc5 interrupted by SIGTERM.
STC_0925.smt2,82.131715600,sat
STC_0222.smt2,180.038272100,cvc5 interrupted by SIGTERM.
STC_0444.smt2,180.037276100,cvc5 interrupted by SIGTERM.
STC_0680.smt2,180.033488600,cvc5 interrupted by SIGTERM.
STC_0926.smt2,180.035196800,cvc5 interrupted by SIGTERM.
STC_0223.smt2,137.454307700,sat
STC_0445.smt2,180.038668200,cvc5 interrupted by SIGTERM.
STC_0681.smt2,180.036091500,cvc5 interrupted by SIGTERM.
STC_0927.smt2,180.035795700,cvc5 interrupted by SIGTERM.
STC_0224.smt2,180.034533500,cvc5 interrupted by SIGTERM.
STC_0446.smt2,180.035851000,cvc5 interrupted by SIGTERM.
STC_0682.smt2,180.033437600,cvc5 interrupted by SIGTERM.
STC_0928.smt2,180.035351900,cvc5 interrupted by SIGTERM.
STC_0225.smt2,180.036428900,cvc5 interrupted by SIGTERM.
STC_0447.smt2,180.036024500,cvc5 interrupted by SIGTERM.
STC_0683.smt2,180.033501100,cvc5 interrupted by SIGTERM.
STC_0684.smt2,.994856200,sat
STC_0929.smt2,180.036574100,cvc5 interrupted by SIGTERM.
STC_0226.smt2,180.034844000,cvc5 interrupted by SIGTERM.
STC_0448.smt2,180.036193100,cvc5 interrupted by SIGTERM.
STC_0685.smt2,180.032308200,cvc5 interrupted by SIGTERM.
STC_0930.smt2,180.032177700,cvc5 interrupted by SIGTERM.
STC_0686.smt2,50.491776800,sat
STC_0227.smt2,180.034667300,cvc5 interrupted by SIGTERM.
STC_0449.smt2,180.034118700,cvc5 interrupted by SIGTERM.
STC_0931.smt2,180.033915800,cvc5 interrupted by SIGTERM.
STC_0687.smt2,180.038255200,cvc5 interrupted by SIGTERM.
STC_0228.smt2,180.035470000,cvc5 interrupted by SIGTERM.
STC_0450.smt2,180.037453500,cvc5 interrupted by SIGTERM.
STC_0932.smt2,180.034566000,cvc5 interrupted by SIGTERM.
STC_0688.smt2,180.035284200,cvc5 interrupted by SIGTERM.
STC_0229.smt2,180.032080600,cvc5 interrupted by SIGTERM.
STC_0451.smt2,180.034375300,cvc5 interrupted by SIGTERM.
STC_0933.smt2,180.035872300,cvc5 interrupted by SIGTERM.
STC_0689.smt2,180.035068900,cvc5 interrupted by SIGTERM.
STC_0230.smt2,180.037779600,cvc5 interrupted by SIGTERM.
STC_0452.smt2,180.035041600,cvc5 interrupted by SIGTERM.
STC_0934.smt2,180.036587500,cvc5 interrupted by SIGTERM.
STC_0690.smt2,180.035931400,cvc5 interrupted by SIGTERM.
STC_0231.smt2,180.038050600,cvc5 interrupted by SIGTERM.
STC_0453.smt2,180.034059000,cvc5 interrupted by SIGTERM.
STC_0935.smt2,180.037712800,cvc5 interrupted by SIGTERM.
STC_0691.smt2,180.035909100,cvc5 interrupted by SIGTERM.
STC_0232.smt2,180.040308400,cvc5 interrupted by SIGTERM.
STC_0454.smt2,180.035059900,cvc5 interrupted by SIGTERM.
STC_0936.smt2,180.037912600,cvc5 interrupted by SIGTERM.
STC_0692.smt2,180.035729300,cvc5 interrupted by SIGTERM.
STC_0233.smt2,180.035449300,cvc5 interrupted by SIGTERM.
STC_0455.smt2,180.035707300,cvc5 interrupted by SIGTERM.
STC_0456.smt2,24.513359400,sat
STC_0937.smt2,180.035545200,cvc5 interrupted by SIGTERM.
STC_0693.smt2,180.036300800,cvc5 interrupted by SIGTERM.
STC_0234.smt2,180.036569900,cvc5 interrupted by SIGTERM.
STC_0457.smt2,180.034211900,cvc5 interrupted by SIGTERM.
STC_0938.smt2,180.034622800,cvc5 interrupted by SIGTERM.
STC_0694.smt2,180.035396000,cvc5 interrupted by SIGTERM.
STC_0235.smt2,180.038221200,cvc5 interrupted by SIGTERM.
STC_0458.smt2,180.036878700,cvc5 interrupted by SIGTERM.
STC_0939.smt2,180.036858600,cvc5 interrupted by SIGTERM.
STC_0695.smt2,180.035803600,cvc5 interrupted by SIGTERM.
STC_0236.smt2,180.034994500,cvc5 interrupted by SIGTERM.
STC_0459.smt2,180.036086200,cvc5 interrupted by SIGTERM.
STC_0940.smt2,180.039691500,cvc5 interrupted by SIGTERM.
STC_0696.smt2,180.035040500,cvc5 interrupted by SIGTERM.
STC_0237.smt2,180.034686500,cvc5 interrupted by SIGTERM.
STC_0460.smt2,180.036774200,cvc5 interrupted by SIGTERM.
STC_0941.smt2,180.036901200,cvc5 interrupted by SIGTERM.
STC_0697.smt2,180.040328400,cvc5 interrupted by SIGTERM.
STC_0238.smt2,180.037957900,cvc5 interrupted by SIGTERM.
STC_0461.smt2,180.038096900,cvc5 interrupted by SIGTERM.
STC_0942.smt2,180.036909100,cvc5 interrupted by SIGTERM.
STC_0698.smt2,180.034290000,cvc5 interrupted by SIGTERM.
STC_0239.smt2,180.038161700,cvc5 interrupted by SIGTERM.
STC_0462.smt2,180.036861800,cvc5 interrupted by SIGTERM.
STC_0943.smt2,180.033450100,cvc5 interrupted by SIGTERM.
STC_0699.smt2,180.042094700,cvc5 interrupted by SIGTERM.
STC_0240.smt2,180.034985800,cvc5 interrupted by SIGTERM.
STC_0463.smt2,180.034594100,cvc5 interrupted by SIGTERM.
STC_0944.smt2,180.036972400,cvc5 interrupted by SIGTERM.
STC_0945.smt2,23.572405100,sat
STC_0700.smt2,180.037794900,cvc5 interrupted by SIGTERM.
STC_0701.smt2,1.061409000,sat
STC_0241.smt2,180.036083900,cvc5 interrupted by SIGTERM.
STC_0946.smt2,31.774527500,sat
STC_0242.smt2,3.411756000,sat
STC_0464.smt2,180.035823200,cvc5 interrupted by SIGTERM.
STC_0702.smt2,180.038620400,cvc5 interrupted by SIGTERM.
STC_0947.smt2,180.037188000,cvc5 interrupted by SIGTERM.
STC_0243.smt2,180.035253900,cvc5 interrupted by SIGTERM.
STC_0244.smt2,.678724700,sat
STC_0465.smt2,180.034739500,cvc5 interrupted by SIGTERM.
STC_0703.smt2,180.033328600,cvc5 interrupted by SIGTERM.
STC_0948.smt2,180.036337300,cvc5 interrupted by SIGTERM.
STC_0245.smt2,180.037007400,cvc5 interrupted by SIGTERM.
STC_0466.smt2,180.035981600,cvc5 interrupted by SIGTERM.
STC_0704.smt2,180.034237200,cvc5 interrupted by SIGTERM.
STC_0949.smt2,180.036348300,cvc5 interrupted by SIGTERM.
STC_0246.smt2,180.034785100,cvc5 interrupted by SIGTERM.
STC_0467.smt2,180.034628300,cvc5 interrupted by SIGTERM.
STC_0705.smt2,180.037714500,cvc5 interrupted by SIGTERM.
STC_0950.smt2,180.037988700,cvc5 interrupted by SIGTERM.
STC_0247.smt2,180.033395800,cvc5 interrupted by SIGTERM.
STC_0468.smt2,180.034019300,cvc5 interrupted by SIGTERM.
STC_0706.smt2,180.036587400,cvc5 interrupted by SIGTERM.
STC_0951.smt2,180.036734100,cvc5 interrupted by SIGTERM.
STC_0248.smt2,180.035541500,cvc5 interrupted by SIGTERM.
STC_0469.smt2,180.034906900,cvc5 interrupted by SIGTERM.
STC_0707.smt2,180.034686600,cvc5 interrupted by SIGTERM.
STC_0952.smt2,180.035824800,cvc5 interrupted by SIGTERM.
STC_0249.smt2,180.036672800,cvc5 interrupted by SIGTERM.
STC_0250.smt2,9.607191800,sat
STC_0470.smt2,180.036480100,cvc5 interrupted by SIGTERM.
STC_0708.smt2,180.036828800,cvc5 interrupted by SIGTERM.
STC_0953.smt2,180.034780500,cvc5 interrupted by SIGTERM.
STC_0471.smt2,180.035809200,cvc5 interrupted by SIGTERM.
STC_0709.smt2,180.031736500,cvc5 interrupted by SIGTERM.
STC_0954.smt2,180.034352200,cvc5 interrupted by SIGTERM.
STC_0710.smt2,96.536506600,sat
STC_0472.smt2,180.034739200,cvc5 interrupted by SIGTERM.
STC_0955.smt2,180.032031400,cvc5 interrupted by SIGTERM.
STC_0711.smt2,180.030860600,cvc5 interrupted by SIGTERM.
STC_0473.smt2,180.031650500,cvc5 interrupted by SIGTERM.
STC_0956.smt2,180.034943800,cvc5 interrupted by SIGTERM.
STC_0712.smt2,180.032101600,cvc5 interrupted by SIGTERM.
STC_0474.smt2,180.031083600,cvc5 interrupted by SIGTERM.
STC_0475.smt2,11.070391800,sat
STC_0957.smt2,180.036696900,cvc5 interrupted by SIGTERM.
STC_0713.smt2,180.033269500,cvc5 interrupted by SIGTERM.
STC_0476.smt2,180.034310900,cvc5 interrupted by SIGTERM.
STC_0477.smt2,28.753479000,sat
STC_0958.smt2,180.034238000,cvc5 interrupted by SIGTERM.
STC_0714.smt2,180.035554900,cvc5 interrupted by SIGTERM.
STC_0478.smt2,180.036882000,cvc5 interrupted by SIGTERM.
STC_0959.smt2,180.031244100,cvc5 interrupted by SIGTERM.
STC_0715.smt2,180.032649100,cvc5 interrupted by SIGTERM.
STC_0479.smt2,180.031572300,cvc5 interrupted by SIGTERM.
STC_0960.smt2,180.032373300,cvc5 interrupted by SIGTERM.
STC_0716.smt2,180.033413300,cvc5 interrupted by SIGTERM.
STC_0480.smt2,180.033869300,cvc5 interrupted by SIGTERM.
STC_0961.smt2,180.032474900,cvc5 interrupted by SIGTERM.
STC_0717.smt2,180.032998200,cvc5 interrupted by SIGTERM.
STC_0481.smt2,180.034667400,cvc5 interrupted by SIGTERM.
STC_0962.smt2,180.032885300,cvc5 interrupted by SIGTERM.
STC_0718.smt2,180.032635100,cvc5 interrupted by SIGTERM.
STC_0482.smt2,180.032125300,cvc5 interrupted by SIGTERM.
STC_0963.smt2,180.038175800,cvc5 interrupted by SIGTERM.
STC_0719.smt2,180.031525100,cvc5 interrupted by SIGTERM.
STC_0483.smt2,180.030146300,cvc5 interrupted by SIGTERM.
STC_0964.smt2,180.029994000,cvc5 interrupted by SIGTERM.
STC_0720.smt2,180.031615200,cvc5 interrupted by SIGTERM.
STC_0484.smt2,180.030414400,cvc5 interrupted by SIGTERM.
STC_0485.smt2,1.707737600,sat
STC_0965.smt2,180.035550500,cvc5 interrupted by SIGTERM.
STC_0721.smt2,180.034601600,cvc5 interrupted by SIGTERM.
STC_0486.smt2,180.035239900,cvc5 interrupted by SIGTERM.
STC_0722.smt2,89.081311000,sat
STC_0966.smt2,180.032837400,cvc5 interrupted by SIGTERM.
STC_0487.smt2,180.032177000,cvc5 interrupted by SIGTERM.
STC_0488.smt2,15.707328200,sat
STC_0723.smt2,180.034514400,cvc5 interrupted by SIGTERM.
STC_0967.smt2,180.031875500,cvc5 interrupted by SIGTERM.
STC_0489.smt2,180.032365200,cvc5 interrupted by SIGTERM.
STC_0724.smt2,180.032703500,cvc5 interrupted by SIGTERM.
STC_0968.smt2,180.033138800,cvc5 interrupted by SIGTERM.
STC_0490.smt2,180.029529300,cvc5 interrupted by SIGTERM.
STC_0725.smt2,180.030178200,cvc5 interrupted by SIGTERM.
STC_0969.smt2,180.031659300,cvc5 interrupted by SIGTERM.
STC_0491.smt2,180.031711500,cvc5 interrupted by SIGTERM.
STC_0726.smt2,180.032963000,cvc5 interrupted by SIGTERM.
STC_0970.smt2,180.035004200,cvc5 interrupted by SIGTERM.
STC_0492.smt2,180.032055100,cvc5 interrupted by SIGTERM.
STC_0727.smt2,180.033194600,cvc5 interrupted by SIGTERM.
STC_0971.smt2,180.031806500,cvc5 interrupted by SIGTERM.
STC_0972.smt2,31.351263000,sat
STC_0493.smt2,180.032237200,cvc5 interrupted by SIGTERM.
STC_0728.smt2,180.035369700,cvc5 interrupted by SIGTERM.
STC_0973.smt2,180.031897500,cvc5 interrupted by SIGTERM.
STC_0974.smt2,74.191344100,sat
STC_0494.smt2,180.032954400,cvc5 interrupted by SIGTERM.
STC_0729.smt2,180.038067700,cvc5 interrupted by SIGTERM.
STC_0730.smt2,45.674051500,sat
STC_0495.smt2,101.100963000,sat
STC_0496.smt2,1.825850700,sat
STC_0975.smt2,180.033070700,cvc5 interrupted by SIGTERM.
STC_0731.smt2,180.030642600,cvc5 interrupted by SIGTERM.
STC_0497.smt2,180.029691000,cvc5 interrupted by SIGTERM.
STC_0976.smt2,180.031362600,cvc5 interrupted by SIGTERM.
STC_0732.smt2,180.031635200,cvc5 interrupted by SIGTERM.
STC_0498.smt2,180.031240400,cvc5 interrupted by SIGTERM.
STC_0977.smt2,180.033662200,cvc5 interrupted by SIGTERM.
STC_0733.smt2,180.031405900,cvc5 interrupted by SIGTERM.
STC_0499.smt2,180.029459300,cvc5 interrupted by SIGTERM.
STC_0978.smt2,180.031218200,cvc5 interrupted by SIGTERM.
STC_0734.smt2,180.032483400,cvc5 interrupted by SIGTERM.
STC_0500.smt2,180.033471700,cvc5 interrupted by SIGTERM.
STC_0979.smt2,180.032944400,cvc5 interrupted by SIGTERM.
STC_0735.smt2,180.032450900,cvc5 interrupted by SIGTERM.
STC_0980.smt2,180.029815800,cvc5 interrupted by SIGTERM.
STC_0736.smt2,180.027729600,cvc5 interrupted by SIGTERM.
STC_0737.smt2,39.129328800,sat
STC_0981.smt2,180.031083400,cvc5 interrupted by SIGTERM.
STC_0738.smt2,180.031362400,cvc5 interrupted by SIGTERM.
STC_0982.smt2,180.028093200,cvc5 interrupted by SIGTERM.
STC_0739.smt2,180.031073800,cvc5 interrupted by SIGTERM.
STC_0983.smt2,180.031533700,cvc5 interrupted by SIGTERM.
STC_0740.smt2,180.028522100,cvc5 interrupted by SIGTERM.
STC_0984.smt2,180.026939300,cvc5 interrupted by SIGTERM.
STC_0741.smt2,180.028334500,cvc5 interrupted by SIGTERM.
STC_0985.smt2,180.027372200,cvc5 interrupted by SIGTERM.
STC_0742.smt2,180.027725900,cvc5 interrupted by SIGTERM.
STC_0986.smt2,180.028438900,cvc5 interrupted by SIGTERM.
STC_0987.smt2,1.534728800,sat
STC_0743.smt2,180.027632800,cvc5 interrupted by SIGTERM.
STC_0988.smt2,180.035504400,cvc5 interrupted by SIGTERM.
STC_0744.smt2,180.028818200,cvc5 interrupted by SIGTERM.
STC_0989.smt2,180.027889900,cvc5 interrupted by SIGTERM.
STC_0745.smt2,180.030332600,cvc5 interrupted by SIGTERM.
STC_0990.smt2,180.031362100,cvc5 interrupted by SIGTERM.
STC_0746.smt2,180.028750500,cvc5 interrupted by SIGTERM.
STC_0991.smt2,180.027270800,cvc5 interrupted by SIGTERM.
STC_0747.smt2,180.027902500,cvc5 interrupted by SIGTERM.
STC_0748.smt2,2.823581200,sat
STC_0992.smt2,180.031010300,cvc5 interrupted by SIGTERM.
STC_0749.smt2,180.028939900,cvc5 interrupted by SIGTERM.
STC_0993.smt2,180.028035900,cvc5 interrupted by SIGTERM.
STC_0750.smt2,40.944689100,sat
STC_0994.smt2,180.029442800,cvc5 interrupted by SIGTERM.
STC_0995.smt2,180.025557300,cvc5 interrupted by SIGTERM.
STC_0996.smt2,180.025757500,cvc5 interrupted by SIGTERM.
STC_0997.smt2,180.026949700,cvc5 interrupted by SIGTERM.
STC_0998.smt2,180.026174500,cvc5 interrupted by SIGTERM.
STC_0999.smt2,99.801604900,sat
STC_1000.smt2,8.277485700,sat